region,shipment_volume,distance_km,transport_cost,fuel_cost,order_value,warehouse_load,vehicle_utilization,delivery_time_days
East,23,359.4,3900.73,925.37,3734.35,0.932,0.631,4.735
North,18,101.3,1795.06,561.04,6256.59,0.618,0.523,2.615
Central,20,364.7,3959.78,1258.87,7229.26,0.862,0.896,4.782
East,20,67.8,1876.08,390.31,2494.91,0.457,0.755,2.661
West,18,58.8,1667.26,394.39,4116.68,0.713,0.658,2.839
Central,14,211.7,2456.47,,6209.32,0.656,0.683,3.302
East,21,194.5,2442.44,487.57,3311.56,0.925,0.667,3.766
East,17,171.4,2637.41,747.53,6895.66,0.381,0.666,3.828
West,16,147.7,2219.12,522.25,4586.69,0.399,0.605,2.271
South,21,264.4,2866.63,619.37,3648.67,0.943,0.629,4.488
North,23,212.4,2799.06,891.67,5592.95,0.322,0.599,3.965
Central,23,322.8,3160.26,947.23,6739.59,0.713,0.64,4.559
South,20,342.3,3684.62,1119.4,3406.05,0.294,,3.781
East,16,244.7,2764.15,514.88,4753.15,0.306,0.601,4.019
North,12,123.6,1635.21,533.77,7024.95,0.686,0.673,2.876
West,17,123.0,2425.25,659.57,3571.89,0.652,0.769,2.64
South,12,151.9,1675.89,436.75,2182.52,0.668,0.631,2.856
West,23,243.8,3277.15,595.44,2332.94,0.596,0.744,3.453
East,14,310.5,3829.91,1239.46,4315.95,0.792,0.666,4.069
South,15,128.7,2248.31,600.35,2630.34,0.974,0.634,3.587
East,16,438.6,4207.18,1312.74,4486.16,0.451,0.776,4.52
North,20,168.8,2107.91,600.51,13571.38,0.486,0.88,3.137
Central,16,26.3,865.69,266.18,2544.71,0.486,0.796,1.722
Central,13,615.0,5256.73,1529.02,4649.74,0.807,0.47,5.993
East,14,205.8,2271.08,743.45,17549.27,0.504,0.62,3.083
West,18,345.8,3422.33,739.49,6798.6,0.744,0.705,3.863
South,25,44.5,1629.37,345.97,4437.08,0.575,0.83,2.457
West,15,114.0,1812.11,532.77,4982.64,0.694,0.529,3.192
West,12,156.4,2167.64,564.07,6878.46,0.855,0.491,3.351
East,17,69.1,1246.83,343.96,13803.46,0.625,0.797,2.916
East,24,166.1,2366.62,694.29,4056.32,0.597,0.735,3.434
Central,19,143.9,2163.24,578.86,3580.7,0.445,0.599,2.886
North,17,409.7,3991.23,1221.44,2544.41,0.627,0.604,4.987
North,19,25.3,1868.29,431.61,5748.55,0.442,0.749,2.18
South,22,282.4,3384.06,1074.23,2507.07,0.866,0.689,4.408
West,24,363.2,3525.19,695.27,4208.74,0.534,0.799,4.622
West,13,618.3,5512.76,1551.52,3295.21,0.344,0.564,5.172
South,20,317.5,3648.5,1176.35,9806.18,0.425,0.59,3.726
West,12,94.7,1552.95,342.32,4106.73,0.64,0.744,2.38
East,27,162.8,2308.51,536.25,6756.85,0.919,0.849,3.288
North,21,230.5,3399.89,778.14,2247.89,0.469,0.716,3.485
Central,15,447.7,3943.93,1065.97,5839.08,0.443,0.626,5.068
East,23,39.7,1795.08,441.7,2802.49,0.547,0.885,2.315
North,18,281.6,3217.83,634.79,4297.95,0.956,0.752,4.685
Central,17,50.7,1629.0,525.53,18327.56,0.867,0.784,2.6
East,17,127.1,2489.19,529.57,9069.71,0.359,0.646,3.648
North,18,62.0,1737.64,461.26,5061.27,0.698,0.709,2.551
North,16,112.7,1712.95,471.35,30000.0,0.828,0.712,3.068
East,12,328.9,3583.5,668.4,3283.46,0.811,0.586,4.167
West,11,147.5,1753.38,342.46,10309.99,0.607,0.61,2.627
West,13,104.6,1742.88,584.69,2337.95,0.784,0.596,3.249
West,22,93.9,1599.91,458.09,4749.73,0.676,0.787,2.903
East,19,76.4,1433.11,265.66,2588.19,0.397,0.612,3.031
East,19,313.8,3445.78,1058.1,6257.29,0.291,0.763,3.543
East,16,199.8,2599.52,679.43,5601.47,0.52,0.705,3.678
East,18,246.8,2434.03,467.41,4586.1,0.295,0.689,3.231
South,17,57.2,1647.13,475.89,9903.38,0.538,0.728,1.99
South,15,200.4,2233.29,580.42,3976.25,0.855,0.638,3.576
West,10,22.6,1351.18,287.51,6501.37,0.866,0.551,2.467
West,22,407.7,4123.15,1321.19,8529.66,0.275,0.798,4.257
East,19,281.5,2883.96,653.57,2402.41,0.301,0.764,3.987
South,16,180.5,2378.67,536.46,3598.86,0.739,0.639,3.599
South,16,18.7,935.86,209.3,5594.97,0.615,0.633,2.714
East,20,90.2,2214.72,670.6,7681.61,0.359,0.715,2.404
South,12,61.3,1347.75,394.86,11868.95,0.838,0.586,3.126
South,14,173.5,2188.99,710.33,4823.55,0.408,0.777,3.488
South,22,252.6,3270.49,708.7,4563.94,0.307,0.78,3.323
North,10,243.5,2301.76,703.92,3361.26,0.797,0.606,3.217
West,17,500.3,4336.86,1178.27,6512.58,0.694,0.618,4.651
North,24,188.9,2836.61,650.69,4612.78,0.538,0.839,3.296
West,14,424.6,3731.35,692.81,4671.72,0.756,0.606,5.298
North,16,156.7,1878.16,584.17,5158.29,0.915,0.628,3.472
Central,25,274.2,3608.66,788.75,7356.91,0.275,0.854,3.463
West,18,168.1,2491.19,700.22,3983.63,0.708,0.736,2.968
West,25,238.4,2765.3,740.6,3552.17,0.409,0.592,3.064
North,17,190.6,2294.79,414.7,6887.4,0.596,0.68,3.671
North,20,117.5,1803.14,611.43,1028.49,0.56,0.74,2.938
East,14,244.0,3236.11,1004.14,3897.06,0.535,0.628,4.428
South,20,286.2,3524.46,908.73,2883.56,0.389,0.743,3.889
East,17,319.8,3281.03,947.74,10527.98,0.836,0.548,4.778
East,15,223.8,2792.71,715.65,4261.97,0.527,0.441,3.614
North,25,18.7,1154.68,345.4,3990.24,0.898,0.714,2.449
East,16,252.1,2685.07,541.02,5288.33,0.509,0.703,3.462
West,12,72.4,1456.74,366.25,3914.9,0.863,0.372,2.322
West,18,216.9,2822.64,659.61,4352.66,0.647,0.638,3.743
West,16,237.6,2741.33,695.05,5729.66,0.532,0.526,3.329
East,14,40.5,1342.8,338.49,4306.49,0.764,0.636,3.042
South,17,197.5,2539.69,515.29,4289.52,0.824,0.849,3.487
West,22,56.2,1644.56,552.96,3116.34,0.602,0.738,2.413
South,17,16.8,1133.69,206.88,2879.64,0.561,0.684,1.826
West,17,54.9,1372.11,249.19,5615.86,0.672,0.76,2.54
East,18,180.5,2498.57,599.03,6429.36,0.677,0.707,3.466
North,17,172.9,2456.13,685.9,2476.28,0.561,0.675,3.57
North,14,135.0,2009.22,419.41,8249.99,0.803,0.729,2.962
North,18,279.1,2813.23,746.38,8268.65,0.542,0.743,4.043
South,21,165.8,2161.91,639.16,9284.29,0.581,0.766,3.653
North,20,254.3,3152.72,614.94,6405.67,0.692,0.719,4.009
West,17,317.9,3797.27,1281.61,7710.94,0.97,0.665,4.575
West,13,700.0,6026.68,1409.47,18065.59,0.44,0.716,6.129
Central,19,182.6,2371.77,670.7,4601.62,0.419,0.691,3.766
Central,20,408.1,4211.35,832.65,3056.02,0.379,0.829,4.545
East,16,228.5,2385.15,700.09,2336.17,0.753,0.596,4.075
North,10,237.4,2905.88,913.82,14265.8,0.578,0.72,3.519
Central,12,184.4,2285.82,449.95,14369.07,0.534,0.668,2.898
East,24,215.4,2725.23,545.42,3266.49,0.399,0.703,3.21
East,15,166.9,2174.86,489.27,3640.85,0.901,0.708,3.99
North,17,364.6,3573.89,650.13,4545.1,0.574,0.64,4.08
North,12,112.9,2086.4,704.72,10650.28,0.694,0.633,3.219
West,14,54.4,,363.22,2675.75,0.332,0.616,2.26
Central,22,131.7,2277.47,631.35,1841.54,0.329,0.744,3.13
South,17,121.3,2130.05,710.23,17892.43,0.299,0.768,2.401
West,18,131.6,1874.17,586.85,6449.81,0.518,0.746,2.519
North,15,177.6,2353.31,730.18,6973.88,0.595,0.577,3.448
South,20,132.0,2237.07,524.19,4852.22,0.429,0.645,2.75
West,15,175.9,1851.23,432.41,7017.64,0.505,0.689,2.563
Central,17,132.3,2119.2,480.38,2361.82,0.255,0.72,3.299
East,17,257.9,2939.74,692.22,3420.33,0.506,0.639,3.577
East,21,700.0,6324.39,1512.3,5755.07,0.337,0.87,5.949
North,18,225.5,2767.41,560.13,1557.77,0.344,0.77,3.294
South,14,136.4,2036.39,482.53,4599.1,0.253,0.605,3.0
South,16,19.2,1570.79,395.02,4445.78,0.758,0.622,1.736
South,13,587.7,4845.52,1112.02,4598.66,0.93,0.624,6.158
West,19,234.0,2760.97,570.02,4011.44,0.704,0.691,3.294
North,12,174.8,2351.09,563.66,3140.88,0.32,0.73,3.041
West,14,20.7,1265.61,325.19,1993.97,0.972,0.734,2.264
South,17,181.3,2529.85,747.11,5881.76,0.962,0.695,4.173
North,20,214.1,3522.78,1034.98,4605.16,0.592,0.784,3.667
West,14,132.6,2109.02,448.02,2549.35,0.329,0.721,2.336
West,18,64.4,1914.38,355.82,5621.72,0.776,0.71,2.57
South,21,60.6,1598.55,365.44,4618.28,0.952,0.775,2.889
West,24,593.4,5356.82,1098.91,4215.13,0.818,0.828,5.888
Central,20,210.0,2633.75,640.86,1658.56,0.706,0.769,3.712
South,12,132.6,2059.77,693.51,7907.15,0.696,0.568,2.956
North,16,201.5,2622.73,548.08,2756.79,0.964,0.626,3.366
South,21,192.2,2744.41,634.01,5624.0,0.303,0.719,2.971
West,25,57.9,1756.91,520.08,3482.31,0.359,0.736,2.555
Central,17,349.6,3508.51,,4386.12,0.856,0.575,4.312
South,15,171.6,2204.92,412.38,10236.97,0.356,0.722,3.082
East,18,211.9,2862.8,589.37,7276.39,0.53,0.733,3.599
West,14,475.1,4638.22,1528.94,10112.44,0.455,0.548,4.672
South,21,66.1,1442.51,283.46,6514.02,0.428,0.723,2.805
South,21,108.4,2241.96,631.37,6753.92,0.269,0.728,2.009
Central,22,242.4,2848.98,873.99,2039.32,0.663,0.77,3.541
South,20,345.3,3827.16,851.43,4561.29,0.543,0.643,4.591
South,16,123.4,1892.4,560.17,4799.66,0.653,0.572,3.512
North,20,128.8,2575.58,533.62,10646.81,0.472,0.772,3.73
North,23,295.3,3333.37,751.88,4111.63,0.937,0.645,4.469
South,18,697.4,6205.32,1426.55,6283.44,0.682,0.686,6.461
North,19,206.1,2825.83,959.17,6149.75,0.952,0.691,4.129
West,20,108.1,1743.84,373.76,10267.32,0.506,0.72,3.08
East,14,84.5,1569.67,314.99,5046.45,0.252,0.675,2.612
Central,14,177.3,2183.77,716.52,8563.66,0.82,0.783,3.65
West,23,335.3,3594.02,740.04,2126.69,0.854,0.64,4.558
South,16,700.0,5974.88,1916.05,2235.65,0.293,0.75,6.068
West,13,156.9,2384.69,677.42,1547.14,0.707,0.442,2.838
East,18,206.3,2452.01,667.68,8369.02,0.733,0.816,3.574
North,14,533.7,4982.98,1495.96,7867.67,0.356,0.492,5.041
East,16,239.7,2872.21,850.63,8895.09,0.653,0.875,3.381
East,20,226.5,2449.88,484.3,3742.28,0.428,0.699,3.06
East,16,471.4,4597.6,1562.79,3984.03,0.262,0.783,4.663
West,19,209.7,2285.75,755.9,5081.82,0.883,0.804,3.457
Central,17,90.3,1922.2,621.75,12016.48,0.609,0.658,2.817
West,25,412.9,4231.08,1182.87,13788.71,0.821,0.764,5.011
West,15,49.3,1377.26,363.11,8405.11,0.778,0.601,2.59
South,15,370.2,3323.35,883.36,6516.29,0.975,0.73,4.474
North,20,195.3,2650.11,483.35,11321.52,0.57,0.696,3.176
East,25,158.1,2797.55,727.12,4718.69,0.562,0.727,3.738
East,21,155.1,2138.96,598.49,4380.78,0.456,0.785,3.168
North,19,176.8,2274.93,649.25,5059.58,0.706,0.646,3.325
Central,13,141.8,2092.49,487.85,3170.7,0.605,0.616,2.947
North,16,263.2,3087.13,788.47,4933.21,0.782,0.689,3.748
South,14,145.5,1348.27,379.95,2937.83,0.51,0.604,2.654
North,22,33.5,2091.45,519.79,9544.82,0.346,0.716,2.22
Central,22,196.3,2847.04,950.75,7324.85,0.88,0.878,3.579
West,21,31.3,1668.62,488.69,11923.41,0.854,0.726,2.801
West,14,195.4,2348.42,423.19,2216.97,0.506,0.626,3.235
North,14,139.7,1468.64,269.83,15458.79,0.754,0.641,3.654
Central,14,353.2,3714.21,1078.79,2287.33,0.609,0.691,4.633
Central,18,162.8,2148.07,528.48,2809.97,0.806,0.622,4.016
East,19,321.2,3637.23,1143.24,3860.49,0.535,0.752,4.421
Central,25,298.2,3485.58,723.89,11150.58,0.641,0.813,4.294
Central,24,303.5,3613.7,658.46,6149.13,0.292,0.637,3.732
South,20,167.0,2195.41,531.49,4749.97,0.378,0.874,3.163
North,17,204.3,2808.84,836.39,3512.4,0.821,0.809,3.451
East,19,258.6,2701.0,906.12,2548.44,0.529,0.653,3.395
East,19,208.6,3302.63,1061.41,10126.84,0.276,0.628,3.921
North,24,163.1,3162.79,814.27,8427.47,0.372,0.798,2.799
West,14,97.2,2139.18,663.26,11428.3,0.55,0.541,2.781
East,16,197.8,2839.56,543.07,6756.43,0.774,0.789,3.395
North,14,54.6,1351.58,367.04,1270.09,0.515,0.618,2.856
Central,14,28.8,1516.14,497.12,2739.36,0.794,0.785,2.899
North,19,79.8,1719.52,418.57,7014.11,0.876,0.652,3.23
West,22,301.2,3019.79,1007.45,4432.22,0.499,0.746,4.21
Central,19,229.6,3246.33,698.97,3994.35,0.834,0.819,3.807
West,19,303.2,3670.92,722.81,2960.83,0.343,0.692,4.413
West,13,116.2,1771.76,467.68,9146.94,0.553,0.664,2.891
South,15,376.2,3385.29,1100.76,6980.71,0.321,0.755,3.707
Central,25,60.7,1672.72,384.4,7155.63,0.288,0.748,2.453
West,20,82.3,1292.9,398.25,3833.44,0.297,0.629,2.295
North,15,372.0,3963.28,820.68,5984.68,0.326,0.551,4.166
East,15,218.6,2144.99,641.98,2602.5,0.86,0.714,3.286
Central,17,304.3,3367.59,906.3,5057.33,0.647,0.724,4.16
South,18,230.3,2555.89,531.63,1352.4,0.942,0.79,3.318
West,16,129.2,1588.53,468.45,2292.82,0.643,0.658,2.035
West,13,74.2,1545.13,454.58,4549.3,0.709,0.528,2.491
West,17,37.5,1272.75,334.06,20056.63,0.385,0.504,1.933
West,26,561.5,5715.38,1234.95,2017.45,0.645,1.0,5.235
East,22,47.5,1272.82,256.05,2740.87,0.531,0.797,1.654
West,26,461.6,4549.71,1515.79,6119.44,0.93,0.816,4.941
South,17,210.5,1943.18,553.67,14374.09,0.932,0.715,3.552
East,16,235.1,2138.82,661.92,6070.49,0.395,0.565,3.351
South,20,224.9,3332.62,971.51,7991.85,0.703,0.666,3.783
West,19,280.2,3772.82,1179.82,4511.2,0.716,0.857,4.309
East,23,107.6,2124.84,437.71,4101.71,0.661,0.82,3.323
East,13,24.6,890.12,231.0,5682.81,0.341,0.581,2.566
East,18,127.1,1965.8,563.67,3781.75,0.727,0.607,3.648
West,13,264.9,3096.09,608.51,8089.71,0.833,0.601,3.49
West,19,83.0,1625.69,331.63,2245.2,0.502,0.692,2.659
Central,9,382.0,3608.91,1015.68,8861.69,0.626,0.756,4.608
North,20,179.1,2495.99,796.2,5550.38,0.335,0.715,3.014
North,17,76.6,1488.5,425.22,4826.63,0.929,0.597,2.803
South,19,217.1,2588.13,480.86,2200.32,0.33,0.713,3.359
East,17,262.0,3064.61,1027.47,3168.83,0.402,0.714,3.268
Central,15,274.5,2722.98,550.92,10501.34,0.468,0.565,3.338
North,14,372.3,3789.02,823.01,4842.91,0.853,0.687,4.428
Central,24,56.5,1636.43,549.83,6330.4,0.761,0.877,2.913
West,9,372.6,3510.55,1064.98,3348.47,0.255,0.604,3.892
South,19,394.4,4399.23,1451.1,5345.55,0.384,0.654,4.667
South,16,74.4,1546.31,477.9,2553.75,0.798,0.638,2.453
West,16,87.6,1946.27,553.28,5738.4,0.545,0.547,2.291
West,24,314.3,3123.27,704.39,6659.85,0.269,0.769,3.877
North,24,146.2,2283.02,530.35,6479.11,0.954,0.805,3.305
Central,20,431.3,4322.9,1433.31,3304.46,0.36,0.658,4.407
South,18,507.0,5323.11,1691.15,4500.18,0.623,0.86,4.534
Central,10,76.6,832.45,197.72,7298.74,0.431,0.668,2.427
East,16,105.9,1793.85,430.03,4835.35,0.788,0.537,3.704
South,17,209.6,3012.78,685.8,4637.74,0.817,0.551,3.313
East,12,23.7,857.06,198.99,15473.86,0.54,0.551,2.729
West,20,38.7,1429.04,454.02,3219.42,0.731,0.856,2.417
West,16,96.5,1845.75,335.34,9840.19,0.914,0.751,2.338
East,12,616.0,5392.89,1346.97,2878.22,0.845,0.76,5.798
East,21,231.8,3355.28,1110.11,7786.37,0.553,0.743,3.498
West,23,119.9,2312.7,617.08,8018.32,0.572,0.751,2.781
South,13,87.0,1942.32,489.6,4102.28,0.897,0.543,3.049
South,14,73.6,1411.31,324.57,2780.5,0.275,0.683,2.803
Central,18,126.7,1838.74,352.72,1837.68,0.267,0.689,2.209
South,20,121.2,2019.5,436.05,3872.62,0.4,0.711,2.566
North,24,165.8,2231.34,433.94,7254.81,0.854,0.909,3.247
North,19,270.3,3253.65,651.61,3002.81,0.362,0.707,3.297
North,12,184.5,2126.2,438.34,5729.15,0.458,0.736,3.142
East,17,326.4,3258.32,743.95,2411.4,0.709,0.565,4.426
Central,21,157.4,2520.58,458.15,4776.01,0.384,0.958,2.368
South,15,531.1,4523.97,1502.06,2890.33,0.471,0.638,5.084
North,13,321.4,3473.52,694.05,5203.62,0.591,0.699,3.705
West,13,227.5,2448.26,590.77,4123.29,0.417,0.712,3.157
East,10,270.9,3105.16,995.9,2822.28,0.974,0.565,4.64
East,17,129.3,1917.05,377.76,3780.53,0.369,0.758,3.055
West,17,163.9,2452.88,631.31,3249.36,0.87,0.762,3.338
West,16,159.3,2255.57,710.88,2636.85,0.593,0.623,2.854
South,15,109.1,2013.73,541.92,9852.79,0.344,0.611,2.572
West,11,63.0,1352.35,288.94,4455.54,0.336,0.621,2.303
East,11,280.6,2422.73,721.2,1617.72,0.615,0.608,4.058
North,18,359.8,4007.36,1158.19,3855.27,0.508,0.816,4.278
West,12,254.9,2716.62,646.42,8983.02,0.421,0.686,3.383
Central,14,184.1,2528.55,473.87,3573.33,0.95,0.649,3.16
West,17,680.5,6189.12,1121.83,12379.03,0.588,0.741,5.818
North,21,118.7,1886.2,588.61,3390.85,0.928,0.579,3.613
West,13,232.8,2363.85,547.11,7164.36,0.37,0.593,3.443
West,17,393.0,4109.35,830.27,9606.08,0.384,0.716,4.228
West,13,80.3,1437.53,378.02,6957.72,0.685,0.732,3.006
West,15,294.8,3404.61,1114.44,2550.46,0.447,0.683,3.819
West,17,552.8,5026.25,911.55,3234.54,0.385,0.809,5.006
West,18,194.9,2824.15,533.72,10337.56,0.319,0.774,2.602
South,12,218.9,2600.62,641.64,3489.33,0.306,0.591,3.555
East,18,119.3,2073.29,597.43,9289.33,0.8,0.694,3.541
North,15,268.9,2851.22,730.42,4287.0,0.456,0.7,4.254
North,19,107.0,2007.48,649.64,5871.06,0.964,0.682,3.988
South,17,187.0,2776.07,519.27,2534.22,0.384,0.815,2.61
Central,20,56.1,1598.89,374.81,3887.23,0.509,0.641,2.136
Central,16,12.3,1294.98,305.89,3356.26,0.524,0.705,1.294
West,16,138.0,2064.66,484.0,6149.22,0.615,0.739,3.168
West,25,136.4,2416.66,623.57,5717.34,0.886,0.767,3.499
West,16,147.0,2598.68,796.48,7005.55,0.859,0.637,3.251
North,19,315.1,3777.46,872.07,4147.3,0.257,0.711,3.493
South,13,366.3,3603.63,1077.91,3256.39,0.549,0.707,4.118
North,28,239.4,3297.56,670.84,6005.92,0.854,0.79,4.179
West,14,301.0,2952.49,796.33,3083.21,0.25,0.569,3.749
North,22,109.4,2025.52,486.15,9829.39,0.64,0.847,3.101
South,15,89.4,1750.59,466.14,5100.09,0.439,0.699,2.694
West,16,272.5,3258.09,642.63,4539.74,0.551,0.761,3.573
Central,23,79.4,2105.73,700.27,7003.72,0.557,0.828,3.12
West,22,72.1,1494.35,485.65,5208.25,0.536,0.929,2.654
Central,15,700.0,6333.56,1977.48,2182.16,0.901,0.757,6.157
West,19,203.8,2614.29,844.01,3029.68,0.642,0.66,3.815
Central,21,136.4,1953.88,397.56,9718.05,0.91,0.78,3.72
Central,13,125.0,2218.09,578.03,5688.13,0.781,0.598,3.241
Central,17,57.6,1920.46,443.37,2154.12,0.506,0.656,2.609
East,16,236.0,2831.09,911.56,6592.33,0.61,0.567,4.338
East,16,157.1,2387.45,502.1,3993.44,0.535,0.657,2.734
South,17,359.7,3900.88,839.43,3357.75,0.855,0.736,4.87
East,11,278.1,3261.1,945.31,2893.78,0.387,0.612,3.604
West,23,153.2,2631.0,511.0,9414.08,0.934,0.68,3.784
South,13,31.2,796.6,236.73,1842.68,0.674,0.521,2.374
South,19,204.2,3204.63,714.31,3426.72,0.697,0.886,3.042
Central,17,191.7,2774.35,,5802.65,0.627,0.719,3.221
South,15,24.6,1054.13,336.99,12940.27,0.655,0.602,2.639
North,16,257.4,2622.78,727.92,7365.94,0.737,0.717,3.798
South,21,77.2,1944.93,416.27,3410.75,0.728,0.918,2.525
North,23,371.7,3922.2,736.85,12596.12,0.406,0.817,4.163
West,16,183.6,2472.36,462.67,2577.78,0.675,0.457,3.505
South,24,122.3,2450.82,475.97,6285.09,0.509,0.992,3.393
North,15,224.2,2475.65,675.29,7103.06,0.715,0.52,3.025
West,21,214.9,2482.77,585.23,3345.55,0.65,0.726,4.335
North,20,209.5,2826.7,618.76,7971.88,0.381,0.639,3.473
North,25,340.9,3705.08,796.92,4094.34,0.786,0.733,4.777
North,20,233.5,2932.2,972.82,7961.15,0.584,0.753,3.546
North,19,114.1,1617.33,321.87,1974.8,0.653,0.552,3.065
East,16,160.6,2143.43,490.35,6530.49,0.741,0.673,3.498
North,20,456.5,4697.18,1199.83,4330.08,0.727,0.822,4.769
Central,13,106.3,1878.71,338.3,10222.4,0.797,0.575,2.732
Central,17,254.6,2708.61,886.67,5301.85,0.401,0.581,3.929
South,23,348.9,3509.17,687.29,10797.57,0.331,0.756,3.517
North,20,271.0,3165.9,915.56,7180.95,0.739,0.703,4.2
South,15,205.0,2653.24,744.55,5063.79,0.422,0.62,3.056
Central,14,227.2,2731.28,845.2,8376.77,0.334,0.56,2.993
East,14,282.3,2871.36,816.1,8406.26,0.346,0.697,4.366
East,22,105.3,2127.3,644.79,7041.32,0.478,0.803,2.664
South,14,192.5,2788.89,689.97,1539.53,0.974,0.57,3.254
South,11,678.2,5808.13,1499.62,3164.0,0.365,0.543,5.76
North,17,259.8,2509.55,733.45,11629.01,0.468,0.703,3.403
East,19,210.0,2741.07,742.69,2722.29,0.922,0.64,3.975
West,17,149.1,2741.81,717.93,8825.09,0.953,0.707,3.37
East,15,106.2,1424.16,303.19,8010.82,0.417,0.785,2.819
Central,20,232.3,2891.1,639.79,3644.0,0.893,0.725,3.854
West,20,243.2,2897.78,687.82,1812.79,0.351,0.633,3.142
South,16,183.6,2407.11,436.86,3972.29,0.806,0.711,3.579
West,19,700.0,6266.39,1546.41,17033.01,0.259,0.703,5.879
East,16,113.6,2194.78,396.03,3378.54,0.547,0.668,2.861
West,14,93.7,1680.24,454.34,3509.25,0.431,0.693,2.898
Central,15,150.7,2462.36,720.6,3137.96,0.764,0.723,3.186
West,16,187.8,2377.12,641.69,10594.94,0.262,0.683,3.213
Central,21,101.9,1883.72,548.09,4752.36,0.589,0.738,3.26
East,13,228.6,2402.45,432.45,3849.7,0.759,0.808,4.141
South,16,245.3,2315.66,438.84,11818.37,0.284,0.776,3.42
East,22,304.2,3553.13,1036.64,7470.53,0.905,0.822,4.508
East,26,133.4,2973.4,917.19,3276.04,0.514,0.815,3.264
Central,27,433.0,4722.18,1392.25,2771.18,0.371,0.737,4.67
North,26,291.1,3726.14,1065.98,10270.11,0.415,0.895,3.265
South,16,111.8,1747.11,512.22,5482.05,0.497,0.692,2.902
West,20,101.6,1872.76,558.71,2316.97,0.395,0.684,2.639
South,21,158.2,2662.65,787.88,2037.11,0.623,0.723,3.445
West,23,245.7,3655.74,1089.71,2940.04,0.712,0.69,3.762
South,27,269.6,,735.52,2747.05,0.566,0.902,4.069
South,22,290.7,3604.78,685.35,1762.8,0.562,0.81,3.446
South,29,651.9,6255.19,1487.35,2966.89,0.821,0.857,5.968
South,23,41.7,1682.64,444.92,3276.42,0.47,0.764,1.581
East,18,180.2,2220.2,670.54,4211.29,0.705,0.651,3.513
East,21,618.9,5298.77,1237.55,13781.75,0.902,0.572,6.124
South,26,313.1,3377.03,756.52,4690.23,0.412,0.692,3.675
South,13,89.1,1599.11,,4953.42,0.703,0.583,2.816
Central,14,220.9,2490.88,547.73,7187.44,0.942,0.584,3.651
West,20,172.7,2042.17,635.8,4767.01,0.637,0.753,2.683
West,12,168.4,2107.97,439.18,6768.83,0.963,0.695,4.109
West,22,131.5,2143.51,509.12,6338.12,0.476,0.745,2.816
East,18,209.0,2310.38,564.13,5810.51,0.662,0.818,3.272
North,20,384.0,3871.38,882.37,24873.45,0.477,0.667,4.272
East,27,140.4,2396.96,432.74,8965.32,0.253,0.807,3.006
East,20,292.1,3140.68,683.67,2996.06,0.978,0.726,4.419
North,14,325.3,3583.41,838.61,6658.32,0.425,0.742,4.39
Central,4,430.8,3171.3,729.97,3514.12,0.96,0.538,4.774
East,16,100.2,1223.31,373.95,6942.64,0.727,0.691,3.619
North,24,197.9,2787.64,522.9,2549.49,0.91,0.648,3.75
North,17,120.3,1989.38,481.89,2953.43,0.956,0.621,3.478
North,15,209.3,2639.89,491.03,6562.65,0.665,0.755,3.843
West,14,208.3,2330.94,766.66,9402.38,0.98,0.489,4.028
West,23,81.2,1651.55,506.09,7161.35,0.81,0.875,3.216
Central,29,217.7,3117.21,1050.95,8688.58,0.632,0.882,3.62
North,13,671.7,5656.77,1841.99,6671.5,0.728,0.583,6.272
North,12,270.3,3286.55,757.65,5972.21,0.392,0.563,2.864
East,24,67.8,1759.43,511.38,4117.37,0.258,0.932,2.473
South,13,95.3,1615.2,369.96,8494.3,0.437,0.755,2.793
Central,22,191.0,3354.62,1080.57,9544.15,0.568,0.745,3.737
East,11,97.1,1512.38,371.62,5246.34,0.416,0.628,2.657
South,18,416.6,4289.52,,5093.35,0.625,0.653,5.188
North,13,60.9,1563.3,510.03,13033.43,0.73,0.653,2.585
Central,13,271.5,3103.83,974.23,5370.99,0.729,0.589,3.662
East,17,49.8,1535.84,513.93,5662.54,0.902,0.686,2.813
Central,17,189.0,2510.76,478.65,7089.17,0.955,0.837,3.239
West,15,86.1,1667.77,365.13,5147.19,0.9,0.66,3.035
Central,16,303.7,3083.55,703.47,3459.27,0.703,0.596,4.179
South,18,374.1,3918.42,971.36,6686.74,0.4,0.596,4.403
West,15,245.3,3353.85,857.58,5317.11,0.939,0.678,3.704
South,16,384.8,,944.56,14961.53,0.378,0.619,4.201
East,29,17.7,1764.87,540.88,8380.36,0.361,0.862,1.782
West,19,215.8,2965.53,639.72,3914.66,0.482,0.588,3.463
South,19,269.1,2865.8,835.22,8111.05,0.669,0.773,3.8
East,20,291.7,3237.33,1023.91,6433.84,0.747,0.645,3.949
North,15,36.7,1549.8,428.66,11161.04,0.26,0.671,2.153
South,16,258.9,3338.23,790.04,4070.62,0.818,0.653,3.793
North,15,295.8,2933.79,616.28,6025.6,0.378,0.805,4.284
North,20,214.2,2616.65,527.24,5143.55,0.466,0.744,3.116
Central,26,68.4,2541.28,760.01,5609.2,0.485,0.961,2.768
East,11,130.8,1836.36,468.38,3338.04,0.493,0.662,2.596
West,26,418.0,4957.88,929.16,7455.83,0.805,0.919,4.689
Central,20,389.2,4070.16,1373.33,6835.47,0.28,0.713,4.355
Central,14,265.9,2965.08,852.19,11013.46,0.393,0.683,3.466
North,13,307.8,3074.81,968.78,5401.79,0.266,0.74,3.679
Central,18,361.0,3997.42,999.8,4330.72,0.818,0.777,4.645
West,16,263.9,3338.04,1111.14,8384.26,0.968,0.722,3.804
Central,23,410.7,,845.76,3509.36,0.731,0.741,5.106
East,21,402.3,4045.69,848.07,9864.93,0.681,0.73,4.778
East,16,700.0,6354.22,2048.94,9853.31,0.913,0.771,6.701
West,19,134.9,2106.79,679.81,10845.48,0.436,0.825,2.84
Central,18,136.7,1980.13,514.52,6681.8,0.299,0.658,2.843
West,17,10.0,1450.67,290.32,4156.49,0.622,0.633,2.419
North,19,251.2,3289.75,752.81,5767.84,0.44,0.645,3.799
West,19,597.0,5344.55,1606.92,6694.48,0.579,0.784,5.709
East,25,430.7,4560.49,1438.19,3991.5,0.583,0.718,4.951
West,19,332.2,3225.5,760.01,11307.41,0.483,0.783,3.567
Central,18,448.9,4115.17,781.05,7472.96,0.605,0.749,4.371
East,19,272.2,3166.48,907.25,3325.17,0.528,0.674,3.432
West,17,159.5,2253.45,672.25,15299.58,0.333,0.818,3.303
West,15,686.9,5694.84,1411.42,5730.53,0.883,0.551,5.634
West,20,259.4,2877.01,786.27,2975.73,0.762,0.863,4.121
South,17,396.9,3655.18,1235.38,3440.46,0.28,0.718,3.875
East,19,17.6,1425.98,312.57,12311.4,0.335,0.552,2.736
West,17,22.5,706.7,191.99,14820.13,0.32,0.82,1.177
Central,20,220.4,2513.64,698.17,9463.68,0.295,0.808,3.159
West,21,97.1,1425.53,381.84,11221.87,0.293,0.708,2.884
East,9,234.1,2595.14,828.01,10605.61,0.365,0.515,3.678
Central,17,136.6,1574.49,435.82,7378.34,0.869,0.567,3.156
East,17,700.0,6144.88,1605.43,6509.21,0.855,0.886,6.019
East,12,377.4,4082.15,815.13,7309.46,0.822,0.556,4.35
Central,15,475.6,4913.05,1437.13,8142.14,0.699,0.566,5.571
West,17,28.2,793.22,159.55,3612.38,0.778,0.714,2.257
West,22,329.4,3741.0,689.28,8123.99,0.789,0.624,4.298
West,20,173.2,2180.26,562.87,12115.48,0.899,0.651,3.518
South,19,481.2,4302.59,1168.55,4848.84,0.785,0.797,4.679
East,17,299.4,3220.16,1094.37,4572.04,0.788,0.73,4.423
South,24,191.3,3083.21,906.38,7059.3,0.837,0.749,3.492
Central,19,74.9,1879.02,593.35,3799.74,0.656,0.719,2.849
West,15,217.6,2386.13,561.75,2632.66,0.406,0.632,2.965
East,17,412.1,,1113.85,10211.25,0.312,0.688,4.052
West,18,498.3,4093.35,1374.89,4238.55,0.556,0.644,4.812
North,14,152.0,1865.91,460.47,5487.05,0.317,0.609,3.079
East,15,700.0,5829.31,1802.23,3883.26,0.374,0.619,6.366
Central,20,392.3,4056.66,1071.6,10962.28,0.267,0.672,4.295
South,19,98.7,1826.06,394.12,8684.08,0.469,0.801,2.887
West,16,81.1,1602.41,437.24,4758.05,0.958,0.742,2.781
South,18,181.1,2388.79,513.33,2838.57,0.527,0.63,3.189
West,13,151.8,2042.99,368.73,4488.12,0.426,0.547,2.635
Central,21,273.6,3369.14,733.61,7432.25,0.545,0.73,4.158
East,23,202.2,2821.75,595.12,6025.46,0.47,0.94,3.591
West,13,161.3,2025.56,484.81,5767.56,0.742,0.56,2.938
West,17,52.6,1587.06,511.31,6102.38,0.713,0.68,2.037
West,10,305.4,3259.86,789.07,8244.8,0.27,0.612,3.83
Central,19,48.4,1364.7,430.19,5308.04,0.623,0.709,2.311
South,18,393.1,3947.87,1061.57,6957.03,0.276,,4.197
East,21,31.8,1802.59,326.66,3156.42,0.744,0.835,3.52
South,23,45.7,1344.24,282.56,22128.42,0.933,0.804,3.027
South,23,98.4,2537.52,834.85,4646.54,0.912,0.835,3.629
West,10,142.0,1477.11,408.67,6075.24,0.4,0.652,2.405
Central,18,120.8,1907.35,627.0,7417.19,0.792,0.777,3.426
North,22,141.5,2038.72,468.13,4333.22,0.829,0.882,3.35
South,12,237.3,3227.12,950.87,5455.09,0.881,0.736,3.825
East,11,100.2,1448.7,439.71,5418.76,0.44,0.803,3.302
South,22,238.8,2864.95,962.94,3285.52,0.579,0.852,3.466
Central,20,17.9,1234.97,225.89,6913.45,0.412,0.676,2.223
West,25,97.2,2126.59,706.79,2192.79,0.268,0.86,2.183
South,15,43.5,1241.35,301.22,14242.56,0.731,0.724,2.737
North,19,390.3,3944.84,1238.99,8401.23,0.565,0.871,4.336
South,25,111.2,1212.12,323.82,7719.6,0.431,0.715,3.047
West,21,293.1,3374.26,912.21,2089.85,0.868,0.787,3.569
West,20,36.1,1474.64,350.23,3512.59,0.612,0.676,2.558
North,21,493.2,5089.73,1590.82,11662.57,0.976,0.784,5.379
North,11,210.4,2749.73,611.11,30000.0,0.829,0.6,3.895
North,13,194.0,2288.55,592.18,10478.5,0.885,0.681,3.592
South,14,53.2,1593.49,429.65,9607.69,0.815,0.542,2.481
South,11,87.5,1189.66,355.47,7249.85,0.327,0.681,2.136
North,18,165.0,2537.05,648.12,3407.99,0.297,0.721,2.739
North,16,90.3,1548.23,447.2,9389.49,0.918,0.692,3.339
West,16,366.1,3362.17,866.25,2964.12,0.351,0.836,3.571
South,14,206.1,2413.71,689.09,2791.06,0.536,0.624,3.158
North,14,91.3,2031.41,584.77,2696.09,0.695,0.682,2.992
West,21,330.8,3680.71,1080.33,9289.57,0.405,0.751,4.432
North,21,149.3,2742.1,854.79,5262.82,0.414,0.758,3.088
South,17,321.2,3198.92,852.56,5741.48,0.59,0.87,3.852
West,14,131.9,2225.42,469.4,5385.84,0.513,0.66,2.843
South,22,279.9,3118.65,900.49,2924.43,0.744,,3.326
South,22,145.4,2396.22,460.89,3755.96,0.305,0.905,2.377
East,12,366.2,3603.15,774.8,3861.32,0.607,0.605,4.346
South,22,36.9,1736.89,532.78,2507.65,0.377,0.627,2.071
East,18,69.7,1705.85,425.8,4116.19,0.693,0.646,2.413
North,20,176.0,2269.98,589.49,2996.74,0.335,0.63,3.423
East,17,115.1,2171.54,733.95,7463.07,0.394,0.549,3.032
South,21,142.1,2756.04,599.79,7812.92,0.837,0.713,3.345
North,18,301.3,3140.05,575.03,2666.44,0.422,0.699,3.674
South,10,139.9,1323.14,261.74,4614.01,0.788,0.699,2.962
North,18,244.6,3034.8,664.99,15075.6,0.449,0.755,3.759
South,20,96.6,1813.04,536.93,3167.13,0.422,0.777,2.486
East,18,29.1,1306.47,397.34,6868.16,0.468,0.634,2.623
Central,15,319.9,3479.0,940.99,5756.22,0.893,0.738,4.053
Central,16,563.6,4988.0,1101.39,9907.9,0.54,0.791,5.423
South,21,227.6,2811.09,740.66,6390.11,0.428,0.774,3.73
South,16,183.0,2347.22,428.12,4284.62,0.642,0.714,3.611
East,20,211.3,3143.09,908.63,5634.82,0.532,0.629,4.107
North,18,451.0,4389.63,1221.58,5680.27,0.827,0.789,5.208
Central,20,229.4,2515.83,461.62,5164.52,0.973,0.872,3.879
South,16,330.1,3099.58,963.11,2629.34,0.634,0.706,3.903
West,19,320.6,3519.44,1063.39,10761.16,0.58,0.67,3.42
West,24,386.1,3825.9,877.34,9764.79,0.5,0.767,3.922
Central,18,180.1,1993.47,561.48,3058.55,0.961,0.671,3.537
West,16,130.6,2176.21,601.15,4603.63,0.603,0.651,2.829
North,15,282.0,3241.83,657.8,4799.19,0.38,0.719,4.155
North,17,368.8,3648.41,769.53,2875.31,0.958,0.715,5.171
West,27,414.0,4539.14,1313.23,1945.48,0.951,0.898,4.751
North,19,486.1,4724.62,1556.14,3756.24,0.568,0.747,5.39
East,19,347.7,3844.35,1046.45,4464.8,0.504,0.648,4.254
West,19,125.1,2242.15,607.29,2458.54,0.747,0.677,3.233
East,20,227.4,2117.41,600.22,5986.95,0.855,0.685,4.214
Central,20,213.7,2681.46,671.69,10296.62,0.614,0.715,3.929
North,12,197.8,2475.44,467.04,8631.42,0.491,0.774,3.069
West,20,282.3,3127.95,761.47,5066.08,0.47,0.886,3.934
South,12,168.4,2128.47,689.71,1973.91,0.488,0.697,2.319
West,13,168.6,2367.82,731.16,8051.68,0.336,0.652,3.2
North,19,585.0,5406.33,1775.37,5887.08,0.818,0.609,5.969
Central,21,186.9,3016.08,616.65,6859.52,0.327,0.76,3.16
Central,15,384.4,4102.89,1070.66,15754.11,0.541,0.604,3.774
East,18,398.6,3970.79,1086.24,3450.77,0.86,0.835,4.796
North,15,231.7,2632.65,562.3,1117.5,0.545,0.539,4.036
East,23,173.4,1774.35,376.44,3043.0,0.465,0.798,3.171
East,18,99.9,1761.69,537.54,7096.27,0.942,0.635,3.545
North,18,47.7,1098.42,315.79,5512.7,0.342,0.704,2.336
South,23,295.8,3515.53,996.83,2783.32,0.896,0.821,4.561
West,13,257.4,2840.43,632.61,2487.8,0.295,0.724,3.29
West,17,324.7,3628.78,947.41,4469.2,0.552,0.688,3.663
South,20,137.0,2587.75,475.35,2737.08,0.711,0.791,3.12
West,15,621.8,5489.47,1102.24,7232.56,0.52,0.615,6.147
West,29,272.8,4154.72,1092.36,4331.7,0.64,0.862,4.124
Central,18,181.9,2508.91,575.91,3847.14,0.399,0.785,3.059
Central,15,27.1,847.97,283.65,3579.39,0.665,0.694,3.088
South,24,148.9,2276.49,581.5,6277.44,0.348,0.738,3.274
Central,17,334.8,3401.93,657.83,5560.45,0.831,0.67,4.645
Central,21,478.3,4857.23,888.17,6069.77,0.676,0.824,5.235
West,19,202.7,2366.14,700.48,5997.34,0.602,0.63,3.553
North,22,527.4,4999.72,1037.15,5220.21,0.29,0.679,5.439
North,24,93.8,1992.1,418.44,3077.21,0.615,0.828,2.25
West,15,262.7,2785.85,690.36,3634.73,0.661,0.632,3.776
East,15,267.7,3174.37,705.5,4371.79,0.444,0.551,3.788
North,14,297.3,3302.42,920.23,16913.33,0.745,0.763,3.924
South,20,222.4,3137.84,808.65,2586.7,0.306,0.642,3.22
West,20,253.1,2939.94,581.61,4313.75,0.402,0.714,2.942
West,13,91.9,1942.62,593.58,5733.3,0.788,0.593,2.198
Central,16,449.7,3914.06,971.23,4597.04,0.357,0.656,4.989
West,16,360.4,3264.32,906.61,9805.35,0.429,0.609,4.167
West,17,246.5,2530.89,457.16,4583.99,0.725,0.75,2.824
North,17,365.8,3732.69,1045.99,4774.3,0.782,0.701,4.404
South,19,458.8,4811.7,1083.86,8501.91,0.288,,4.853
South,20,294.5,3161.88,819.24,14704.24,0.342,0.681,3.593
South,18,663.3,5776.46,1314.93,11779.6,0.576,0.876,6.337
West,20,310.7,3386.51,1149.39,5038.38,0.683,0.578,4.414
North,22,104.0,2195.53,476.29,5285.74,0.581,0.628,2.588
Central,19,238.2,2753.15,897.69,5573.04,0.722,0.858,3.65
South,16,375.0,3608.73,1179.6,5889.05,0.802,0.718,4.327
South,30,459.0,4518.33,1117.65,3408.26,0.943,0.882,4.863
East,21,225.6,2712.51,620.19,9091.79,0.505,0.777,3.2
East,13,97.5,1975.69,476.07,6085.32,0.369,0.688,2.439
West,18,170.7,2388.51,808.02,5299.3,0.443,0.729,2.752
North,23,64.9,1584.07,441.97,2699.63,0.358,0.69,2.654
South,20,331.7,3944.25,1053.76,5620.96,0.538,0.795,4.411
North,8,147.5,1652.07,306.87,1917.42,0.887,0.633,3.394
Central,27,117.4,2719.13,858.31,3944.56,0.503,0.932,3.219
South,12,352.8,3839.01,742.5,3985.01,0.359,0.771,3.797
East,19,520.8,4937.52,925.86,6360.41,0.632,0.744,5.679
Central,19,117.0,1595.09,357.26,15274.16,0.974,0.619,3.228
South,23,226.7,3596.95,921.27,7439.43,0.387,0.909,3.234
Central,17,175.9,2470.91,798.71,12047.6,0.818,0.611,4.089
South,19,472.4,4482.33,1373.44,7745.5,0.851,0.745,4.396
Central,20,190.6,2850.0,603.12,10084.75,0.543,0.709,2.762
North,21,90.1,2093.33,501.42,15084.46,0.702,0.708,3.126
South,12,197.1,2691.9,820.6,3631.82,0.566,0.691,3.101
South,13,411.7,3722.83,984.07,3503.76,0.441,0.662,3.854
West,13,168.5,2246.65,467.12,7846.68,0.561,0.684,2.629
North,25,126.8,1980.68,482.04,5420.68,0.32,0.727,2.613
Central,16,184.6,2573.48,720.96,6131.5,0.766,0.666,3.737
South,12,92.5,1565.61,525.6,4737.35,0.855,0.568,3.237
West,25,175.7,2743.98,784.48,3912.99,0.474,0.777,3.674
North,14,134.2,1907.32,348.26,13245.6,0.664,0.645,2.574
West,17,700.0,6065.72,1776.05,2966.32,0.419,0.84,5.521
West,18,34.5,1139.09,250.76,7922.93,0.343,0.684,1.606
Central,17,103.7,2063.81,656.18,7246.87,0.734,0.522,3.437
North,15,126.7,2349.3,567.17,2279.12,0.348,0.779,2.899
North,17,93.0,1609.93,341.21,3439.46,0.821,0.728,3.034
South,23,264.4,3382.64,862.14,3772.6,0.448,0.757,3.738
West,5,115.4,1591.91,351.54,7409.52,0.848,0.508,2.792
North,12,58.7,1330.96,289.79,4438.76,0.519,0.554,2.146
East,20,213.0,2316.21,629.37,5181.89,0.519,0.885,3.688
South,13,161.6,1742.74,527.66,2436.44,0.798,0.647,3.106
Central,16,119.7,1701.2,533.48,19521.1,0.622,0.541,2.571
South,18,465.0,3883.02,946.01,5648.57,0.397,0.731,4.817
South,15,270.3,3360.64,640.84,7147.02,0.871,0.764,3.792
East,25,250.6,3307.26,851.41,4034.57,0.498,0.805,3.973
Central,22,274.3,3252.69,811.24,3793.54,0.325,0.683,3.644
East,20,265.1,2505.4,529.93,15552.5,0.554,0.651,4.211
Central,14,167.6,1678.02,542.64,1892.78,0.669,0.582,3.267
East,19,116.4,2009.14,674.8,6331.27,0.695,0.839,2.864
Central,18,216.3,3242.74,610.54,2789.65,0.86,0.699,3.884
West,16,165.4,2053.07,630.95,4347.04,0.645,0.546,3.226
East,10,34.0,,372.95,3823.98,0.413,0.636,2.477
North,19,86.4,1659.89,368.21,3158.06,0.441,0.729,3.003
South,31,150.5,2727.09,768.02,5538.58,0.324,0.832,2.821
East,10,357.6,3745.11,751.2,1322.9,0.787,0.523,4.801
Central,20,216.9,2674.82,511.17,4566.4,0.327,0.645,2.763
Central,19,100.6,1702.89,577.21,5168.51,0.692,0.804,2.841
North,16,80.3,2032.89,572.91,2571.89,0.686,0.7,2.757
East,11,407.0,3810.89,840.36,12484.84,0.823,0.656,5.32
East,17,173.2,2648.85,667.52,3916.87,0.304,0.712,3.104
North,16,10.0,938.13,311.47,4766.58,0.398,0.706,2.321
West,23,181.3,3022.91,756.32,3921.7,0.914,0.73,3.013
West,9,309.5,3096.99,1003.64,5193.37,0.668,0.576,3.725
East,20,78.2,1894.46,604.35,11153.17,0.584,0.823,2.59
South,10,205.7,2347.93,551.92,21166.15,0.796,0.718,4.158
Central,14,219.3,2419.34,704.9,8185.35,0.909,0.557,3.539
South,18,82.2,1725.56,492.96,9881.27,0.442,0.688,2.525
Central,15,430.4,3995.27,1212.14,13961.17,0.908,0.735,4.986
North,21,221.9,3114.38,742.93,6228.43,0.329,0.893,2.87
East,16,149.9,2080.66,391.91,12882.67,0.964,0.823,3.355
West,28,174.1,2348.33,486.96,8398.6,0.37,0.766,3.203
South,13,69.3,972.93,271.11,5879.3,0.444,0.745,2.293
East,14,66.8,979.49,297.78,6585.91,0.321,0.66,1.703
Central,11,139.7,2047.0,616.08,1994.64,0.837,0.701,2.953
East,19,146.3,1902.96,520.25,6378.36,0.968,0.781,3.889
West,22,165.9,2564.78,496.44,2323.75,0.467,0.654,3.254
North,25,454.4,4710.05,860.84,2221.86,0.488,0.836,5.354
West,22,298.7,3418.65,1043.18,6039.54,0.454,0.835,3.442
West,16,39.9,1468.3,393.36,2943.21,0.363,0.678,2.515
East,17,401.2,4029.02,1229.79,5410.45,0.825,0.673,4.933
East,17,138.9,1337.36,275.56,5861.37,0.294,0.567,3.42
East,20,317.6,3405.84,835.07,6006.98,0.956,0.785,4.591
Central,16,147.3,2237.81,731.92,3303.48,0.927,0.697,2.708
East,24,212.3,3349.84,694.94,8904.17,0.336,0.706,3.845
East,19,74.0,2176.94,413.28,5171.51,0.637,0.691,2.795
West,16,245.2,2441.63,694.78,6922.91,0.975,0.692,3.688
West,17,341.1,3454.14,950.32,2812.86,0.872,0.648,3.871
South,21,48.0,1154.73,383.75,4924.21,0.772,0.743,3.127
Central,16,344.5,3964.09,1288.47,9931.95,0.266,0.54,3.832
West,22,116.0,2404.67,721.18,9261.28,0.3,0.863,3.071
South,14,546.1,5012.4,917.6,3503.4,0.83,0.656,5.356
East,21,321.4,3608.34,926.85,4023.64,0.525,0.655,4.004
West,20,286.1,3656.47,1182.42,3153.36,0.738,0.533,4.458
North,23,174.8,2921.78,728.64,3785.65,0.79,,3.558
Central,14,700.0,6346.25,2119.29,2516.22,0.558,0.7,6.211
East,8,139.6,1886.7,,5034.17,0.355,0.597,2.43
West,22,88.1,1822.6,359.99,7694.23,0.532,0.824,2.45
Central,18,119.2,2206.91,577.07,3527.06,0.886,0.774,3.321
North,19,380.9,4142.7,1206.76,5167.61,0.492,0.733,4.048
Central,13,209.5,2399.16,456.94,4811.32,0.296,0.622,2.935
North,17,188.7,2356.47,554.11,9704.21,0.95,0.659,3.578
South,16,141.1,2391.41,704.83,3880.13,0.747,0.714,3.116
North,15,181.9,2795.49,573.44,3958.54,0.645,0.779,3.832
North,18,133.9,1888.44,445.17,3410.75,0.855,0.697,3.21
Central,14,303.8,3095.69,898.94,2905.53,0.55,0.773,3.632
West,17,163.2,2369.46,720.52,7266.66,0.969,0.722,4.253
West,19,120.9,,572.93,5042.66,0.876,0.748,2.941
North,18,360.8,3585.47,1194.31,5597.89,0.455,0.897,4.144
East,18,90.4,2312.6,758.66,10949.54,0.521,0.837,2.746
East,17,211.6,2737.39,700.09,11300.98,0.451,0.827,3.367
Central,25,33.7,1791.55,368.42,2196.39,0.731,0.729,2.729
North,22,62.0,2224.81,675.61,7756.68,0.717,0.93,3.114
North,16,150.7,2016.94,441.51,6149.38,0.631,0.673,3.304
West,17,132.1,2022.24,636.7,4213.82,0.955,0.674,3.531
South,23,131.9,1922.97,526.78,6504.35,0.595,0.595,3.373
Central,20,323.3,3489.22,848.07,2101.67,0.822,0.756,4.413
East,13,335.5,2942.46,791.59,12142.33,0.73,0.556,4.518
South,19,240.1,3109.77,824.86,7209.96,0.628,0.75,3.962
North,23,86.5,2064.33,677.01,3374.97,0.281,0.675,2.295
Central,17,180.9,2320.75,497.33,3936.41,0.73,0.836,4.137
South,20,593.9,5457.91,1792.95,2128.71,0.719,0.774,5.585
West,18,700.0,6387.21,1181.73,4570.25,0.341,0.887,5.803
North,24,363.0,3657.78,1108.57,4165.11,0.831,0.698,4.351
West,17,89.3,1796.34,587.67,2620.68,0.591,0.816,2.188
West,7,182.0,2222.34,540.14,8326.4,0.487,0.423,3.263
West,17,229.6,2249.73,431.25,10962.53,0.851,0.709,4.339
South,19,206.8,2852.83,880.8,5350.53,0.501,0.667,3.144
South,14,387.3,3301.75,1039.58,4591.19,0.704,0.619,4.532
North,21,314.2,3477.29,812.99,6899.76,0.701,0.701,4.366
North,22,85.4,1575.01,414.19,5373.31,0.289,0.682,2.913
Central,17,123.2,2383.55,737.74,2995.31,0.559,0.592,3.681
East,23,362.1,3606.87,760.06,3793.43,0.413,0.732,4.91
South,16,463.8,3935.05,1104.32,4614.51,0.396,0.689,4.532
North,22,231.5,2990.04,744.22,6226.08,0.728,0.848,3.981
Central,14,499.6,4463.6,928.01,5459.62,0.258,,4.965
West,18,214.1,2254.03,705.58,6097.92,0.957,0.798,3.607
North,21,98.2,2101.99,487.55,2348.06,0.539,0.624,2.578
Central,20,296.1,2784.07,917.37,7831.19,0.468,0.695,3.593
South,16,700.0,5807.85,1574.1,5441.87,0.922,0.737,6.826
East,13,69.8,1285.58,337.24,22114.53,0.605,0.67,3.115
South,28,488.0,5252.29,1301.14,4388.76,0.698,0.761,5.238
East,20,285.3,3626.99,885.37,6489.25,0.758,0.805,4.336
North,18,117.6,2289.35,711.7,25746.93,0.886,0.662,3.675
North,18,34.6,1340.13,386.49,6043.57,0.345,0.643,1.753
North,14,21.7,458.64,139.33,5233.33,0.31,0.694,1.896
West,23,131.7,2381.87,589.21,3156.42,0.975,0.768,3.953
Central,19,255.6,,759.56,12588.59,0.256,0.676,3.581
North,23,345.4,4156.67,805.97,2871.23,0.767,0.723,4.241
South,17,397.0,4083.9,1242.59,6869.98,0.696,0.607,4.624
East,18,240.8,2534.43,624.6,4186.18,0.653,0.673,4.173
East,21,216.3,2658.43,695.12,4894.49,0.824,0.831,3.065
North,17,154.3,2748.72,701.19,2482.04,0.975,0.712,3.622
South,13,259.7,2417.35,601.88,11369.85,0.284,0.719,3.129
Central,24,119.0,1897.23,549.1,4662.05,0.699,0.821,2.556
East,15,73.1,1810.1,502.12,2784.16,0.773,0.619,3.005
East,18,207.3,2505.6,840.7,10818.14,0.473,0.573,3.497
Central,22,328.8,3322.13,671.82,4116.36,0.902,0.681,4.488
East,15,60.1,1880.41,511.03,6529.16,0.584,0.614,2.636
West,16,131.7,2135.6,406.02,8628.09,0.37,0.62,2.341
South,18,202.0,2481.58,767.47,7049.55,0.874,0.783,3.082
West,16,199.1,2170.58,604.74,1622.71,0.938,0.758,3.268
East,18,280.4,3725.95,926.05,7962.09,0.323,0.882,4.054
Central,24,583.5,5556.4,1713.36,5139.25,0.799,0.719,6.019
South,17,22.0,1645.31,415.94,4532.52,0.407,0.82,2.06
North,19,599.7,5739.72,1242.34,5115.39,0.255,0.845,5.158
West,24,567.6,5302.66,1355.36,2240.56,0.44,0.761,5.254
Central,15,349.1,3389.98,648.62,6037.19,0.874,0.705,4.684
West,15,228.6,3070.78,993.88,2564.67,0.353,0.767,3.33
West,15,120.8,2299.38,682.81,4641.48,0.345,0.663,2.416
North,20,346.4,3178.5,958.79,5919.13,0.79,0.719,3.661
West,15,236.6,2877.58,920.59,9805.71,0.547,0.617,3.206
South,12,156.8,2000.83,613.56,3460.65,0.358,0.441,2.665
South,16,340.7,3221.47,802.46,12068.73,0.418,0.686,3.635
North,19,378.8,3972.86,790.53,9143.23,0.83,0.661,4.637
West,22,461.5,4231.04,1014.34,4289.07,0.705,0.669,5.225
West,19,110.6,1837.84,605.48,2951.85,0.805,0.751,2.921
North,13,424.8,3778.7,1253.98,2455.05,0.321,0.526,4.794
West,14,158.9,1986.33,601.58,6307.31,0.584,0.719,2.439
East,29,229.0,3180.93,676.61,3620.96,0.832,0.881,4.025
West,20,259.9,2796.68,590.41,10505.42,0.444,0.698,2.886
North,17,403.2,4439.74,1424.11,3737.84,0.374,0.687,4.342
North,18,318.5,3565.48,722.75,3309.76,0.529,0.61,3.813
North,17,154.8,2713.36,742.0,6176.42,0.493,0.753,3.529
West,24,25.5,1500.91,361.0,3724.45,0.385,0.795,2.286
West,16,278.2,2907.28,663.8,5457.26,0.946,0.701,4.316
Central,20,222.6,3305.11,953.13,9342.17,0.603,0.77,3.461
West,11,69.0,1203.03,401.25,5793.41,0.694,0.566,2.158
South,12,240.9,2590.66,788.65,5805.32,0.338,0.508,2.931
South,18,200.2,2777.25,715.94,6080.43,0.695,,3.487
North,17,458.7,4052.03,1015.09,2140.5,0.655,,5.552
North,19,625.0,5870.85,1909.35,6737.95,0.93,0.675,6.434
East,18,372.9,3981.95,1085.07,5931.08,0.551,0.738,4.423
Central,23,192.2,3063.0,794.73,8875.89,0.821,0.868,3.575
North,18,213.1,2917.21,843.81,7579.45,0.472,0.796,3.415
North,14,107.5,2120.16,462.08,4860.65,0.673,0.61,3.628
North,20,124.2,2073.63,394.4,9583.67,0.927,0.611,3.795
South,20,184.3,2295.64,727.3,4624.17,0.706,0.625,3.464
East,15,170.8,2840.63,787.31,6222.56,0.769,0.643,3.599
West,18,65.5,1178.24,243.17,4577.31,0.889,0.822,2.772
North,20,461.7,4134.66,941.41,7002.11,0.926,0.672,5.477
Central,18,502.4,4909.19,1661.22,4415.74,0.402,0.657,4.89
West,18,452.4,4846.46,1364.32,13442.19,0.393,0.656,4.347
South,14,513.0,4728.71,1332.45,16474.18,0.652,0.612,5.483
East,21,700.0,6567.81,1258.04,8783.81,0.977,0.742,6.914
West,19,109.2,1399.11,468.76,12679.14,0.608,0.615,3.064
West,15,700.0,,1911.29,2329.55,0.492,0.754,6.533
West,17,154.1,1681.15,449.95,2485.53,0.642,0.681,3.158
Central,12,306.0,3327.89,763.76,4551.18,0.297,0.828,3.715
West,22,51.7,1225.26,357.4,5556.24,0.379,0.661,3.3
West,15,139.7,1668.04,522.66,4870.67,0.359,0.795,2.65
West,21,379.7,4125.51,1261.49,2201.35,0.27,0.854,3.702
West,15,315.7,3590.06,1207.44,10233.02,0.777,0.635,4.006
South,15,151.9,2069.41,583.36,17761.87,0.488,0.636,3.398
North,23,213.0,3017.17,698.16,10987.83,0.373,0.694,3.055
South,23,128.7,2400.94,623.45,9867.86,0.624,0.695,2.811
South,17,379.0,3764.47,1169.29,6150.97,0.486,0.692,4.601
Central,16,481.0,4214.73,937.59,3416.43,0.537,0.682,4.845
West,25,109.6,2346.95,509.35,5652.71,0.48,0.664,2.779
Central,19,198.1,2770.32,819.94,17293.28,0.253,0.901,3.392
South,22,63.1,1990.8,499.91,4475.65,0.752,0.734,2.528
West,27,236.0,3262.72,1013.57,4229.22,0.331,0.823,2.929
East,19,285.2,2898.59,588.38,9986.78,0.41,0.667,3.466
Central,22,249.3,3273.95,765.16,10358.13,0.389,0.734,3.779
North,13,270.6,2891.98,644.61,3407.23,0.492,0.614,3.8
Central,13,183.5,2130.23,621.3,4704.07,0.367,0.642,2.784
South,21,186.7,2509.48,756.59,4121.42,0.503,0.741,2.834
South,14,180.5,2088.49,528.3,5643.89,0.428,0.719,2.866
Central,30,136.5,2821.59,723.69,9966.93,0.295,0.873,3.331
North,8,149.6,1434.14,288.44,3490.45,0.886,0.636,2.953
East,15,276.7,2734.39,799.24,9890.36,0.473,0.667,3.626
North,18,462.0,4368.23,1479.83,5743.98,0.32,0.724,4.358
East,21,94.4,2379.43,724.46,19524.12,0.631,0.723,2.962
South,17,186.2,2731.59,589.2,6472.75,0.34,0.773,3.098
West,12,78.3,1010.28,282.58,5149.71,0.814,0.656,3.289
North,18,138.4,2508.84,569.99,7450.92,0.295,0.692,2.946
North,24,156.3,2865.1,529.55,4512.33,0.589,0.765,3.329
West,25,224.8,2689.98,561.59,2023.53,0.939,0.784,4.095
West,15,220.6,1901.97,373.58,4758.62,0.366,0.67,3.301
North,21,196.9,2645.45,559.11,4717.52,0.397,0.738,3.14
West,23,262.0,3524.52,1083.07,2262.5,0.688,0.723,4.578
West,23,102.0,2504.22,568.09,5217.8,0.965,0.829,3.122
East,13,226.1,2328.05,701.04,1742.52,0.532,0.709,3.616
East,23,321.5,4129.49,1370.24,4486.25,0.724,0.91,4.646
East,24,101.0,1465.33,398.4,6210.38,0.361,0.732,2.96
North,17,42.4,1298.2,334.5,5729.3,0.718,0.746,3.106
Central,17,377.1,3694.03,1108.29,4332.55,0.434,0.54,4.129
South,19,80.5,2074.25,405.59,5182.06,0.698,0.784,2.986
West,19,133.3,2495.14,620.08,3528.98,0.315,0.601,2.769
West,21,315.6,3787.52,984.04,5464.07,0.633,0.664,4.394
East,20,96.8,1529.0,478.53,5607.99,0.423,0.757,2.739
West,17,360.7,3934.68,1220.83,3310.53,0.748,0.643,4.255
South,17,118.8,2093.83,661.07,6293.26,0.796,0.632,3.278
Central,22,107.5,1592.29,464.41,6271.68,0.869,0.716,3.265
West,21,78.6,1235.38,327.24,4957.14,0.974,0.801,2.625
West,18,119.6,2285.98,714.28,20569.73,0.585,0.63,3.273
Central,23,288.7,3351.99,1071.72,5027.18,0.74,0.763,4.364
South,15,133.3,1619.9,416.12,4658.37,0.263,0.637,2.541
West,17,378.0,3759.58,1269.63,4305.65,0.911,0.758,4.401
Central,14,202.5,2541.9,813.33,3184.29,0.699,0.723,3.544
Central,11,214.9,2392.0,625.93,7920.77,0.558,0.471,3.599
South,15,104.9,1340.86,256.22,3724.04,0.567,0.751,2.117
South,21,413.5,4753.25,1026.31,3974.4,0.803,0.694,4.985
North,23,323.2,3932.2,1196.27,4039.87,0.858,0.786,4.736
West,12,317.4,3097.26,612.59,3159.85,0.84,0.555,3.343
South,21,176.1,2433.59,620.97,2073.32,0.623,0.772,3.303
North,18,70.4,1741.57,482.03,4210.7,0.521,0.909,2.807
East,17,222.8,2383.68,764.05,8780.9,0.94,0.703,4.155
Central,14,280.8,3093.82,976.22,6053.18,0.713,0.618,4.189
West,22,282.6,2948.0,891.13,12814.29,0.647,0.736,3.739
South,20,258.3,3049.96,747.95,8209.32,0.687,0.612,3.484
West,14,251.3,2463.99,499.6,7245.82,0.71,0.771,2.965
Central,20,118.3,1748.99,502.21,15297.69,0.771,0.755,3.432
North,24,122.9,2707.6,565.9,5149.06,0.654,0.696,3.465
South,22,79.3,1873.47,505.48,5623.4,0.889,0.674,3.351
South,12,380.8,3705.84,1248.53,5397.52,0.878,0.631,4.304
North,22,607.6,5097.69,1366.43,12696.51,0.573,0.83,6.084
East,14,700.0,,1658.61,5439.18,0.373,0.563,5.762
East,20,233.3,3018.82,870.66,3802.63,0.671,0.819,3.568
South,10,251.7,2696.59,843.66,7504.23,0.703,0.598,3.634
East,25,181.2,2101.39,524.5,3467.04,0.632,0.718,3.801
Central,20,230.8,2930.04,760.64,7283.81,0.9,0.693,4.444
North,18,96.5,1931.56,402.07,6819.98,0.318,0.845,2.5
South,22,178.6,2931.32,815.93,4894.31,0.46,0.644,2.932
West,16,108.2,1653.83,375.95,7414.53,0.882,0.621,2.673
East,15,162.5,1562.25,408.09,2396.38,0.936,0.744,3.312
South,22,115.6,1839.09,556.6,5940.98,0.561,0.772,3.547
North,14,280.9,2696.98,493.04,4211.1,0.391,0.592,3.933
West,16,304.0,3453.04,933.1,26219.14,0.557,0.757,4.156
Central,18,246.6,2148.79,446.41,5917.7,0.583,0.786,3.497
North,20,123.3,1972.11,443.14,3912.71,0.629,0.757,3.068
East,17,74.6,2032.69,377.17,2545.12,0.45,0.644,2.965
West,19,306.2,3378.61,699.76,11136.39,0.478,0.681,3.654
Central,14,201.8,2685.58,907.35,4480.46,0.729,0.678,3.384
West,19,40.7,1005.0,341.46,3514.86,0.704,0.613,2.24
West,17,221.5,2242.46,661.92,6535.24,0.733,0.799,3.289
Central,24,252.9,3585.6,996.43,7764.72,0.525,0.916,3.748
Central,17,54.6,1517.32,461.75,7697.68,0.496,0.674,2.192
West,16,284.0,3131.95,1013.02,5490.98,0.507,0.708,3.733
South,21,62.5,1384.94,364.36,5928.67,0.944,0.837,2.916
East,14,113.2,1825.25,338.85,6171.03,0.539,0.811,2.837
Central,17,62.9,1227.87,360.38,6535.59,0.692,0.817,2.338
North,13,104.1,2026.02,683.85,6861.54,0.632,0.504,2.97
South,19,75.2,2477.29,548.2,9916.44,0.89,0.692,2.783
East,13,379.3,3810.38,968.42,5602.84,0.519,0.683,4.479
East,15,169.5,2062.38,490.44,3466.01,0.567,0.628,3.669
East,20,144.6,1541.49,373.77,5017.26,0.865,0.873,3.017
South,20,402.0,3632.43,1073.11,8222.09,0.367,0.86,4.941
West,17,389.1,4332.91,1042.26,2033.29,0.684,0.627,4.473
Central,17,153.1,1910.39,631.53,2039.76,0.542,0.68,3.177
Central,17,243.4,2744.86,840.88,9000.65,0.97,0.633,3.747
East,21,130.6,2371.55,437.37,12532.34,0.777,0.727,3.765
West,22,188.1,3055.01,950.01,2708.47,0.258,0.737,2.964
West,22,87.0,1856.28,563.67,5740.22,0.863,0.831,2.762
East,19,267.2,2982.21,783.24,4360.1,0.763,0.646,3.963
West,9,411.9,3777.69,980.28,4705.76,0.66,0.383,4.406
Central,11,367.4,3337.53,1046.93,6425.58,0.422,0.489,4.271
North,19,208.2,2510.55,622.53,2667.57,0.359,0.635,3.395
East,17,36.8,1476.44,303.43,2954.34,0.709,0.64,2.719
Central,17,126.1,2055.63,472.93,4602.3,0.571,0.707,2.703
North,17,187.9,3045.64,677.45,5014.27,0.879,0.606,3.471
North,25,67.1,2005.73,579.6,2924.05,0.442,0.696,2.57
South,16,57.3,1792.57,373.97,8385.89,0.715,0.606,2.762
South,23,483.2,4502.74,1275.01,4317.11,0.432,0.678,5.13
North,22,340.7,3885.96,989.19,4307.01,0.715,0.711,4.749
South,16,280.7,2876.63,904.26,6345.25,0.285,0.632,3.481
Central,18,316.0,3519.7,906.67,5059.89,0.536,0.76,4.138
South,17,77.3,1845.46,606.73,8609.42,0.376,0.613,2.38
West,16,101.4,1801.95,583.97,3250.67,0.692,0.651,2.203
North,16,233.8,3415.1,715.96,2518.55,0.481,0.636,3.533
North,19,246.0,3343.33,968.85,4580.74,0.813,0.782,3.842
West,20,63.7,1997.99,428.25,5614.62,0.334,0.718,1.972
West,17,222.8,2914.32,908.48,2745.13,0.656,0.777,3.249
East,21,190.3,3111.81,876.65,2531.93,0.683,0.65,3.759
North,16,360.0,3247.96,737.48,6004.5,0.266,0.676,3.683
Central,21,246.8,3408.95,749.49,3580.37,0.276,0.696,3.257
North,20,517.4,4657.71,1158.52,2443.33,0.475,0.632,5.757
West,22,153.8,2235.07,688.66,9236.68,0.695,0.75,2.634
East,19,81.8,1917.85,589.52,3837.26,0.953,0.856,3.125
Central,17,509.0,5106.12,946.37,10223.01,0.316,0.624,4.616
North,18,255.4,2649.83,605.13,5517.38,0.763,0.695,3.683
West,17,191.1,2328.15,576.58,6387.62,0.756,0.588,3.309
West,13,104.4,1723.15,471.62,4835.19,0.739,0.526,2.486
South,16,155.1,2122.27,432.78,1261.0,0.627,0.617,3.256
South,18,149.2,2447.32,571.81,2906.68,0.956,,3.813
North,20,78.8,2739.16,881.18,5068.8,0.616,0.698,3.174
West,18,26.2,1439.77,368.94,6638.23,0.862,0.687,2.84
South,19,146.6,2022.0,604.7,2029.77,0.442,0.586,2.477
Central,19,321.1,3121.05,803.87,5273.87,0.839,0.667,4.255
East,18,433.8,4166.39,1059.92,2929.99,0.977,0.745,5.409
South,17,368.9,3488.87,975.17,6179.8,0.914,0.584,4.874
West,21,382.4,4132.28,915.29,5374.01,0.472,0.714,4.857
North,19,86.7,1922.84,422.96,8175.73,0.868,0.741,3.416
North,14,236.7,2556.54,864.87,9766.88,0.32,0.592,3.669
East,21,282.1,3835.06,1223.53,6991.46,0.745,0.77,5.113
Central,13,293.8,2853.65,850.5,8718.62,0.5,0.521,3.837
Central,14,188.1,2303.1,465.09,4479.7,0.731,0.726,3.268
Central,14,217.8,2728.87,504.39,25660.67,0.551,0.684,3.46
Central,11,362.1,3724.64,774.97,2778.45,0.257,0.622,3.652
Central,18,275.6,3475.79,1147.14,4063.23,0.419,0.795,3.703
West,18,309.0,3479.0,1080.6,8917.29,0.281,0.679,3.092
West,20,141.7,2524.75,665.76,8217.3,0.562,0.681,2.806
North,20,298.7,3174.59,1063.5,7101.52,0.863,0.84,4.232
South,17,215.8,2906.98,591.43,7874.82,0.789,0.84,3.844
West,14,339.4,3678.87,991.32,1726.83,0.826,0.6,4.622
Central,20,118.3,2485.44,520.24,13018.34,0.839,0.721,2.906
South,10,322.1,2682.13,614.29,4855.46,0.522,0.689,4.433
South,17,156.6,1969.48,650.76,10777.78,0.619,0.686,3.102
West,17,323.1,3652.54,1164.88,1775.01,0.621,0.74,4.075
North,19,237.7,2141.17,420.28,6254.85,0.333,0.78,2.873
West,20,205.2,2825.37,621.38,3984.13,0.687,0.685,3.246
Central,10,162.8,2298.69,632.42,7440.3,0.776,0.639,3.561
South,13,191.6,2162.39,410.46,6466.49,0.696,0.642,3.322
East,26,146.9,2375.21,636.59,6643.05,0.795,0.708,3.633
North,16,160.4,1911.83,522.92,3033.83,0.337,,3.05
North,21,270.8,3051.76,691.39,5264.11,0.806,0.69,3.669
North,18,47.4,1337.08,303.38,4919.23,0.402,0.779,2.338
East,21,320.3,3362.75,728.55,7132.52,0.89,0.819,4.998
East,21,323.7,3372.03,1111.79,9359.18,0.429,0.802,4.504
West,20,166.3,2331.32,564.69,5900.32,0.609,0.765,3.062
Central,16,221.6,2574.25,704.43,2692.18,0.606,0.713,3.986
West,15,95.8,2234.76,510.09,5762.74,0.446,0.69,2.11
Central,21,259.5,3006.13,879.07,22835.96,0.514,0.775,3.395
West,17,105.6,1952.49,383.14,13430.76,0.385,0.731,3.105
North,16,10.2,969.87,185.69,1057.94,0.666,0.568,2.605
Central,15,423.5,3904.46,1167.77,5624.23,0.917,0.604,4.862
West,14,87.4,1134.15,336.01,9069.44,0.481,0.573,2.418
North,19,188.8,2091.32,465.11,4913.39,0.621,0.806,3.121
North,20,227.3,2508.32,593.99,4217.3,0.879,0.862,3.935
North,25,270.4,3398.42,1132.22,4689.91,0.58,0.619,4.114
East,10,200.5,2574.64,506.41,7359.18,0.857,0.73,3.663
Central,21,240.7,2480.81,519.24,2888.06,0.576,0.749,3.258
Central,19,163.5,2195.5,546.26,10443.96,0.571,0.799,3.228
North,16,55.8,1077.04,242.48,5266.93,0.365,0.721,2.175
South,21,195.2,2579.48,732.16,3247.81,0.341,0.858,2.753
North,12,294.7,3329.02,967.07,10080.85,0.696,0.647,4.439
North,21,91.8,1784.05,471.39,2321.99,0.854,0.633,3.845
West,15,228.8,2654.22,737.32,4002.34,0.349,0.659,3.792
Central,16,580.8,5647.34,1408.15,3966.26,0.914,0.721,6.105
Central,16,186.5,2528.78,762.84,17661.95,0.512,0.663,3.146
East,19,193.2,2349.87,438.8,3726.55,0.56,0.77,3.459
South,11,51.7,1284.41,295.49,1660.33,0.903,0.612,2.751
South,18,83.2,1501.14,434.59,3944.2,0.904,0.657,2.781
South,19,106.5,2056.41,478.61,6978.24,0.633,0.631,3.288
South,22,287.3,3499.15,673.82,8360.27,0.452,0.724,3.14
North,15,97.0,1335.26,314.06,18998.15,0.376,0.684,2.491
West,19,36.2,1481.63,,11775.7,0.448,0.561,2.515
West,22,256.0,3096.42,617.79,6023.1,0.82,0.693,3.616
Central,22,114.2,2260.5,668.97,3326.65,0.487,0.595,2.861
South,15,53.6,1638.41,498.2,13269.39,0.757,0.618,2.788
Central,16,310.1,3424.23,964.43,4435.03,0.392,0.776,4.291
West,19,150.4,2169.93,,3782.02,0.599,0.623,2.615
South,12,271.7,3123.76,964.76,4318.27,0.507,0.686,3.124
West,25,51.9,1528.9,327.66,2727.77,0.618,1.0,2.148
North,21,23.2,1045.59,339.74,4205.88,0.666,0.859,1.991
West,23,214.5,1974.03,578.51,4778.06,0.973,0.778,3.236
West,19,80.7,1733.56,327.22,8118.18,0.907,0.786,2.535
Central,24,212.5,2661.83,819.54,4387.66,0.758,0.67,4.136
North,22,215.6,2949.59,769.93,2705.11,0.362,0.629,3.373
South,16,197.4,1927.53,486.55,2248.29,0.921,0.682,3.531
South,16,380.5,3616.46,894.28,6095.24,0.902,0.712,4.287
North,11,700.0,6039.68,1673.36,5653.01,0.897,0.705,6.729
South,19,253.1,2705.76,800.72,4004.32,0.6,0.672,4.245
West,19,580.5,5465.95,1767.45,4200.25,0.375,0.733,5.031
Central,14,153.4,1930.22,431.74,6725.54,0.801,0.668,3.782
East,13,68.3,1426.74,400.8,11670.28,0.534,0.632,2.783
East,12,120.1,1937.61,561.55,3536.6,0.502,0.624,2.942
South,20,160.0,2629.02,757.07,5703.85,0.535,0.662,3.241
West,11,610.5,5289.83,1369.43,9200.83,0.658,0.64,5.728
Central,16,205.2,2307.53,559.72,3544.45,0.493,0.696,3.878
North,18,389.4,3809.64,1150.44,5385.16,0.754,0.67,4.889
West,16,144.2,2274.8,518.66,5319.33,0.723,0.733,3.196
North,12,131.6,1567.65,334.36,2640.67,0.621,0.712,2.809
East,23,49.9,1633.26,436.62,5959.1,0.289,0.822,2.749
South,19,598.6,5373.74,1197.36,5526.72,0.934,0.634,5.685
East,13,471.3,4308.31,798.4,7370.91,0.551,0.65,5.062
East,15,230.4,2396.35,451.12,2827.68,0.578,0.595,4.609
West,16,166.8,1740.71,506.9,5461.53,0.583,0.688,2.188
Central,17,210.6,2757.91,925.84,11613.85,0.516,0.62,3.487
North,20,65.9,1954.68,494.05,17028.18,0.742,0.832,2.927
South,15,271.4,2472.2,503.17,10982.64,0.26,0.73,3.252
West,22,447.4,,1433.35,2842.99,0.888,0.847,4.956
Central,22,461.4,4911.26,1089.46,6961.0,0.325,0.839,4.775
North,20,51.9,1750.37,593.9,4164.16,0.98,0.708,2.926
West,21,387.2,3918.98,1058.6,6349.59,0.709,0.708,4.59
South,13,66.3,1157.37,251.41,3552.05,0.298,0.782,1.965
West,18,25.2,1338.06,347.04,2116.65,0.661,0.692,2.963
West,20,396.4,4133.16,965.76,4494.08,0.492,0.622,4.321
South,18,135.8,2138.38,651.6,8082.3,0.946,0.786,3.418
North,14,361.8,3536.6,696.46,6363.92,0.801,0.667,4.313
Central,16,341.6,3214.29,1019.32,6779.25,0.62,0.8,4.45
North,19,314.4,3554.04,1076.07,6118.01,0.564,0.737,4.365
East,15,208.8,2655.29,843.9,6785.14,0.977,0.666,4.062
South,20,72.9,1791.41,578.98,7267.96,0.737,0.852,2.374
East,16,160.3,2243.11,486.23,4670.05,0.625,0.557,3.138
South,28,466.2,5340.58,1406.5,5685.02,0.54,0.783,5.587
South,20,367.7,3682.9,1163.75,14168.72,0.487,0.659,4.003
Central,16,166.4,2614.81,628.55,5872.98,0.765,0.504,3.62
North,14,164.9,1963.88,372.48,5560.31,0.679,0.725,2.932
West,17,296.6,3542.05,802.85,5747.88,0.869,0.648,4.429
East,16,219.2,2981.79,652.14,4818.17,0.654,0.752,3.486
Central,23,172.6,2484.72,793.15,4275.06,0.675,0.799,3.071
West,17,280.7,3582.25,910.66,6092.25,0.598,0.741,3.521
North,12,274.7,3014.93,872.42,4112.79,0.807,0.594,3.844
Central,15,122.7,1657.71,553.57,5013.89,0.553,0.606,2.993
East,12,249.2,2595.46,591.43,3516.48,0.872,0.637,4.019
Central,21,263.8,3464.8,1045.65,5764.11,0.489,0.816,3.378
South,17,198.1,2780.46,510.61,7489.87,0.756,0.688,3.451
East,22,112.8,1801.96,354.37,4834.08,0.902,0.699,3.035
North,23,156.7,2413.25,496.88,1799.73,0.811,0.672,3.733
Central,16,95.5,1802.92,414.65,7515.36,0.5,0.696,2.936
North,21,253.7,2932.52,716.94,5802.83,0.766,0.698,3.985
East,19,52.2,2207.7,565.88,3145.48,0.401,0.712,2.692
North,22,496.0,4922.92,1079.36,8310.7,0.292,0.736,5.567
South,14,434.4,4092.31,779.97,2517.11,0.828,0.619,4.793
East,19,268.0,3434.9,990.64,9652.52,0.84,0.741,3.922
South,19,354.2,3620.14,665.33,5262.96,0.267,0.762,4.105
Central,26,339.4,4163.54,1288.68,1559.51,0.942,0.962,4.266
North,21,221.5,2375.97,780.9,5991.41,0.576,0.803,3.503
South,18,176.0,2274.46,667.92,4344.19,0.911,0.832,3.219
North,18,162.2,2595.24,714.61,3998.73,0.825,0.64,3.279
North,21,507.3,5340.56,1522.72,3620.08,0.907,0.614,5.597
North,16,109.7,1631.14,463.82,5064.6,0.858,0.679,3.419
West,25,111.4,1952.7,642.58,4159.48,0.961,0.861,3.51
West,15,374.1,3872.19,1294.43,1956.32,0.709,0.724,4.63
East,20,352.1,3570.44,886.45,10934.05,0.416,0.827,4.391
East,10,168.8,1970.42,549.22,4748.59,0.534,0.402,3.184
East,15,286.9,3330.97,1027.43,3631.63,0.799,0.768,3.442
West,13,311.6,3034.96,546.8,2920.08,0.365,,3.728
North,18,69.9,1086.98,287.31,8299.1,0.929,0.581,2.282
West,19,451.8,4060.97,1155.19,2659.42,0.4,0.775,3.918
East,21,311.5,3493.6,1029.75,5847.05,0.889,0.756,4.481
Central,16,271.2,2489.22,594.94,3940.22,0.603,0.71,3.824
North,19,313.1,3342.8,759.83,4068.46,0.864,0.797,4.211
East,18,250.2,2545.95,532.47,2960.29,0.95,0.739,4.632
West,13,190.3,2772.99,746.63,3861.55,0.558,0.525,3.324
North,18,34.5,1988.39,650.38,5458.05,0.759,0.694,2.625
West,20,222.9,2518.26,814.3,6182.15,0.416,0.601,3.742
North,22,64.5,1822.0,432.9,3526.02,0.835,0.807,3.451
East,20,631.8,5490.2,1214.74,5166.68,0.849,0.842,6.458
Central,15,188.0,2287.22,700.36,8854.22,0.466,0.568,2.945
West,14,625.2,5988.65,1772.62,2176.68,0.268,0.601,5.276
South,18,225.4,2626.31,685.08,5412.96,0.565,0.634,2.994
East,20,130.7,2070.97,501.68,3219.78,0.374,0.694,2.994
Central,15,443.8,3951.51,789.54,3044.29,0.848,0.7,4.634
South,14,264.1,3204.57,979.39,6270.15,0.441,0.62,3.423
North,19,700.0,5298.29,1477.13,4024.32,0.939,0.77,6.709
South,16,128.2,1857.1,446.26,2781.54,0.959,0.765,2.522
North,18,455.4,4399.88,1438.79,11252.61,0.913,0.793,4.813
Central,19,470.4,4373.76,1248.92,9009.63,0.688,0.628,4.935
North,24,328.3,3967.43,1304.01,1876.63,0.445,0.891,4.149
East,22,472.8,5026.91,1286.42,2414.06,0.839,0.872,5.279
West,18,191.1,2114.31,534.37,7528.13,0.762,0.829,3.208
North,23,109.2,2696.76,889.82,4643.94,0.963,0.755,3.182
Central,18,139.6,1740.59,580.6,12398.32,0.525,0.645,2.511
South,17,215.0,3005.06,1002.86,7623.46,0.293,0.614,3.006
North,21,339.1,3731.53,1160.59,6404.18,0.979,0.654,4.645
Central,19,115.3,1860.99,472.66,3096.34,0.862,0.718,3.053
Central,19,162.3,2225.61,475.5,7117.36,0.412,0.785,3.035
North,16,122.5,1930.56,465.94,2692.78,0.78,0.785,3.248
South,25,377.9,4179.36,1379.72,11135.4,0.251,0.754,4.403
South,21,622.2,5470.3,1302.85,6851.18,0.657,0.739,5.67
South,17,95.1,1715.01,516.35,3450.74,0.515,0.684,2.113
North,19,295.7,3085.23,1010.97,8455.5,0.528,0.667,4.394
North,21,408.0,,1289.1,18635.78,0.428,0.801,4.661
Central,13,179.5,2007.28,665.67,4818.95,0.451,0.672,2.734
Central,22,67.5,1450.36,389.87,7352.0,0.582,0.766,2.742
Central,19,441.2,4231.28,1094.64,4283.36,0.431,0.746,5.001
Central,16,63.9,1639.23,554.09,5692.72,0.591,0.729,3.115
East,23,522.7,5121.6,1100.68,2370.89,0.671,0.816,5.674
East,20,120.5,2630.59,552.44,5430.08,0.769,0.663,3.704
East,25,55.8,1182.8,395.18,5563.42,0.744,0.864,2.519
South,17,147.4,2288.68,664.34,14609.81,0.427,0.713,2.838
South,24,203.5,2828.8,751.92,2023.83,0.279,0.745,3.062
North,18,233.5,3043.72,612.18,4654.15,0.858,0.724,4.025
South,12,311.8,3351.75,878.56,11031.0,0.887,0.658,4.659
North,16,247.8,2795.87,925.65,4755.35,0.965,0.767,4.096
North,17,591.3,5401.76,1493.38,4943.17,0.951,0.609,5.793
South,15,196.9,,545.65,3434.78,0.713,0.773,2.901
North,17,256.6,3115.23,835.43,3252.14,0.903,0.694,4.602
West,8,242.5,1974.14,635.25,1989.78,0.577,0.54,3.473
East,17,49.8,1672.38,545.29,3842.7,0.825,0.65,3.06
Central,21,81.1,1825.58,445.47,3152.2,0.947,0.662,2.992
West,30,215.6,3006.13,,5795.99,0.831,0.716,3.899
West,15,277.4,2952.22,663.28,3521.99,0.554,0.722,3.296
North,16,33.0,1251.05,315.48,4172.31,0.526,0.838,2.465
East,17,608.0,5836.89,1255.99,4235.63,0.463,0.563,5.516
Central,20,292.1,4218.71,1118.11,5289.66,0.518,0.654,3.887
West,19,207.4,3006.96,819.45,4061.52,0.849,0.778,3.36
East,24,283.4,3244.49,759.39,3029.09,0.762,0.776,3.255
West,15,141.3,2213.36,494.77,5694.02,0.432,0.734,2.612
North,16,235.2,2940.12,600.27,9770.43,0.769,0.672,3.531
Central,15,260.7,2637.94,533.73,5829.32,0.527,0.621,3.573
West,7,444.5,3563.22,1047.0,3883.91,0.657,0.549,4.55
West,28,184.9,2827.36,609.19,5075.95,0.52,0.639,3.913
North,18,65.5,1831.44,364.23,1758.39,0.631,0.614,2.866
South,21,107.0,1567.24,532.58,5030.77,0.783,0.818,3.042
Central,15,174.6,,459.8,4358.16,0.784,0.763,3.482
Central,18,71.9,1812.24,586.02,3250.61,0.8,0.817,3.09
West,24,98.0,2079.36,576.96,3591.57,0.535,0.815,2.856
West,13,107.8,2116.74,623.19,4334.54,0.754,0.462,2.978
East,13,166.3,1746.23,471.04,9375.47,0.424,0.592,3.351
North,15,289.7,3764.19,786.45,9903.4,0.599,0.773,3.187
Central,18,160.7,1860.63,587.08,3260.16,0.676,0.835,3.833
East,19,302.5,2781.54,869.16,4084.92,0.751,0.827,4.752
West,17,207.5,2573.86,607.3,4142.59,0.916,0.674,3.662
Central,16,100.7,1465.29,442.84,8478.17,0.472,0.575,2.237
West,27,263.6,3362.96,897.53,5884.21,0.867,0.814,4.425
North,12,237.2,2593.5,844.05,5716.06,0.477,0.631,3.259
South,19,307.6,3332.1,1027.79,7295.0,0.653,0.843,4.141
South,15,348.9,3296.4,614.97,3912.66,0.855,0.686,3.939
East,14,453.2,4366.22,1400.18,11500.41,0.778,0.656,5.869
East,17,296.0,3138.2,1051.21,5426.45,0.88,0.698,3.901
Central,18,232.0,3113.69,930.2,3392.25,0.845,0.737,3.849
Central,16,308.5,3228.97,643.17,4787.19,0.452,0.73,3.172
South,18,149.5,1940.06,599.83,10695.31,0.975,0.647,3.354
West,19,141.5,1718.11,487.25,4299.15,0.934,0.633,3.107
East,11,491.8,4360.86,1021.37,9156.84,0.564,0.727,5.452
Central,20,138.4,1851.42,595.13,3850.89,0.284,0.599,2.677
North,14,110.0,1395.85,377.56,3564.88,0.472,0.786,3.056
South,17,295.9,3374.01,1067.77,7807.02,0.86,0.54,3.841
North,12,150.4,1491.08,428.27,3358.72,0.944,0.583,3.282
West,15,346.7,3911.52,884.64,8538.98,0.857,0.745,4.234
East,21,432.6,4407.57,1480.96,6590.56,0.54,0.743,5.092
North,23,122.1,2190.62,594.45,3359.42,0.291,0.662,2.98
East,21,319.1,3255.59,855.18,5222.37,0.628,0.777,4.542
Central,11,136.0,2061.28,504.11,4016.53,0.525,0.623,2.948
East,21,177.2,2523.11,509.2,6580.97,0.34,0.725,3.476
North,20,255.7,2858.94,828.5,15341.07,0.327,0.68,3.304
North,18,141.7,2210.27,550.2,4429.81,0.362,0.702,3.051
East,14,240.7,2243.84,739.43,7285.03,0.4,0.608,4.06
East,17,187.6,1988.71,665.05,5505.17,0.8,0.887,3.024
South,28,351.6,3732.1,1130.17,5504.01,0.529,0.811,4.452
Central,12,352.2,3539.75,774.5,4959.88,0.569,0.6,4.402
West,18,142.2,2157.1,635.39,3389.44,0.687,0.662,3.499
Central,28,259.5,3676.26,673.74,6531.08,0.951,0.972,4.442
West,14,386.1,3504.25,1094.11,4634.08,0.802,0.524,4.535
West,22,96.7,2143.41,555.1,3302.25,0.721,0.784,2.989
South,16,186.8,2370.89,782.1,9488.12,0.793,0.661,3.158
West,16,252.1,2609.41,627.41,5735.64,0.775,0.566,3.599
West,18,93.5,1914.84,425.3,4791.25,0.754,0.639,2.396
West,17,154.7,2191.33,743.32,11350.66,0.612,0.718,3.471
North,18,553.9,4945.93,1310.22,1978.62,0.664,0.636,5.754
East,19,138.1,2178.37,692.96,10938.58,0.587,0.738,2.92
West,15,149.5,2059.9,671.05,3347.26,0.538,0.806,2.911
East,15,293.8,3092.17,813.1,6101.82,0.448,0.681,4.299
East,13,84.6,,363.57,3930.67,0.509,0.526,3.086
West,21,189.6,2247.71,603.42,3269.36,0.563,0.675,2.929
West,24,110.8,2180.71,688.31,11188.45,0.673,0.757,1.927
Central,16,240.4,2564.08,857.29,15076.9,0.615,0.652,3.74
East,20,11.8,1009.01,234.63,4809.39,0.329,0.742,1.955
South,18,218.9,2642.49,787.94,6532.28,0.498,0.73,3.529
East,14,256.7,3036.03,685.11,5604.61,0.525,0.793,4.045
West,18,157.6,2320.48,644.52,14069.7,0.766,0.705,3.538
North,19,164.7,2208.96,682.05,1698.95,0.493,0.625,3.769
East,19,144.0,2048.46,659.27,6683.64,0.256,0.81,3.306
North,21,187.9,2778.76,699.68,3641.24,0.312,0.844,3.734
East,16,495.8,3956.88,946.33,1486.56,0.613,0.699,5.662
South,9,358.5,3596.8,,4454.67,0.388,0.573,4.404
East,17,187.8,1923.11,387.21,15009.32,0.611,0.742,3.425
South,14,154.7,1699.78,405.21,3786.41,0.669,0.638,2.619
North,16,337.6,3344.95,1068.77,8391.05,0.931,0.516,5.385
West,12,230.3,3171.45,783.38,10501.46,0.729,0.675,3.521
West,17,91.6,2225.39,513.55,5393.86,0.273,0.764,2.738
East,16,173.0,2501.67,746.15,5803.7,0.528,0.795,3.12
West,18,463.8,4573.25,980.93,2113.36,0.829,0.647,5.359
West,12,286.4,2446.29,540.64,3663.26,0.44,0.648,2.706
West,27,155.9,2642.72,871.43,8945.04,0.925,0.837,3.327
West,19,61.6,1461.49,282.15,5615.99,0.636,,2.471
East,18,239.6,2630.46,647.99,6647.78,0.317,0.714,3.679
North,12,208.3,2449.21,666.87,5844.39,0.426,0.633,3.614
Central,24,183.8,2553.27,553.66,18135.06,0.912,0.797,3.325
West,15,340.0,3711.51,834.95,4286.45,0.974,0.727,4.59
East,15,288.6,2556.08,550.82,13134.21,0.88,0.765,4.61
North,25,63.4,1877.54,441.65,5845.5,0.484,0.732,3.464
North,12,209.1,2165.38,701.06,13791.52,0.811,0.616,3.83
Central,15,77.5,1463.27,364.43,2769.06,0.412,0.634,2.327
Central,10,145.7,1964.32,484.9,6012.28,0.531,0.56,2.509
Central,25,72.8,1611.17,389.67,4374.17,0.759,0.663,3.528
West,15,75.0,1605.84,536.77,5864.72,0.957,0.669,3.056
West,13,259.0,2749.55,546.52,10639.27,0.571,0.681,3.485
East,19,242.6,2733.6,873.39,6689.84,0.612,0.705,3.323
North,19,198.7,2471.15,574.16,10627.61,0.411,0.717,3.006
East,16,136.7,1999.07,665.77,3757.01,0.544,0.713,3.31
South,19,68.4,1449.19,333.95,3454.53,0.296,0.83,2.357
South,15,146.2,2074.54,400.93,5479.99,0.877,0.634,2.6
East,17,243.3,2769.79,729.03,5317.41,0.267,0.599,3.741
East,18,239.7,2688.36,581.92,4903.86,0.749,0.698,3.428
West,22,457.9,5028.05,1510.82,3205.91,0.449,0.906,5.129
West,16,418.1,4184.48,1193.28,10501.34,0.598,0.587,4.622
South,20,204.1,2572.37,745.56,4449.02,0.456,0.782,3.078
South,17,145.1,2181.49,460.2,11900.59,0.542,0.785,3.224
North,15,113.0,1545.73,453.49,5469.86,0.649,0.478,3.118
North,16,59.6,1365.16,313.73,7759.21,0.718,0.713,3.132
East,12,84.5,1424.91,484.17,7381.56,0.936,0.678,3.106
East,17,243.5,2500.27,742.79,3451.79,0.493,0.671,3.741
South,18,301.4,3412.73,936.68,6647.27,0.677,0.653,3.923
North,24,166.4,2418.78,770.96,15686.93,0.908,0.733,3.747
North,12,700.0,5846.47,1603.63,6237.82,0.462,0.604,6.716
South,19,85.2,1626.07,436.5,8916.89,0.881,0.693,2.76
North,16,54.7,2280.1,496.99,7952.96,0.949,0.641,3.195
South,20,700.0,6064.47,1749.59,6430.95,0.869,0.702,6.234
East,10,65.6,722.94,173.46,6018.32,0.666,0.7,1.976
West,16,164.8,1796.91,335.83,7339.48,0.777,0.583,3.261
West,22,120.1,2363.62,734.07,8265.17,0.601,0.615,3.062
West,18,255.4,3347.08,630.25,2581.97,0.686,0.802,3.638
Central,14,156.2,1916.08,551.0,6223.06,0.961,0.64,2.92
South,13,302.0,3476.71,712.99,4908.66,0.433,0.611,3.825
West,13,344.4,3631.06,904.9,4379.37,0.829,0.634,4.346
Central,22,59.1,1658.75,526.58,11078.71,0.62,0.772,2.373
South,20,110.2,1930.29,,3629.21,0.379,0.688,2.212
South,26,318.6,3782.54,1084.62,2522.18,0.72,0.845,4.169
Central,18,388.0,4173.0,1160.17,8413.93,0.828,0.628,4.964
West,17,226.2,2836.1,904.16,2486.88,0.665,0.668,3.622
West,18,267.7,2872.12,596.36,1881.14,0.861,0.528,3.671
South,16,475.9,4435.47,1365.97,8951.24,0.517,0.774,4.836
West,17,157.6,2785.71,702.05,5927.14,0.917,,3.63
East,15,224.6,2707.42,673.02,7044.45,0.723,0.721,3.392
West,16,418.4,4313.68,1026.16,4258.47,0.836,0.718,4.757
West,12,434.6,4186.31,1011.8,2536.59,0.449,0.674,4.835
West,13,188.9,2380.31,626.48,2829.39,0.576,0.642,2.704
North,19,112.8,2014.91,397.11,4676.46,0.914,0.749,3.627
West,17,187.4,2696.78,668.83,2697.76,0.287,0.616,3.469
West,13,199.9,2584.5,734.82,6430.96,0.545,0.549,3.12
Central,16,109.8,1922.22,499.22,4211.81,0.82,0.672,2.942
North,17,122.4,1782.7,368.19,6013.55,0.793,0.638,3.514
North,17,435.0,4335.79,1032.3,5915.5,0.872,,4.985
West,15,275.7,2986.58,749.25,6719.3,0.79,0.698,3.074
North,18,165.4,2238.65,642.54,7148.91,0.941,0.648,3.563
North,22,89.4,2679.76,868.57,4495.6,0.614,0.733,3.127
South,14,123.4,1439.86,385.97,6010.02,0.706,0.666,3.106
West,9,50.8,1426.49,411.14,6184.52,0.869,0.587,2.238
Central,23,230.1,2739.51,526.95,1428.11,0.762,0.789,3.698
Central,12,118.5,1795.73,597.47,7751.09,0.325,0.635,2.895
West,19,242.2,3635.13,837.66,5898.59,0.518,0.606,3.542
West,20,316.5,3219.64,762.04,7407.34,0.653,0.558,3.587
West,16,244.5,2615.92,564.14,2676.42,0.801,0.65,4.074
South,23,151.4,2409.47,466.35,4565.69,0.647,0.812,3.083
West,21,105.6,1770.77,542.58,2979.94,0.818,0.714,3.311
Central,11,79.4,1686.93,368.56,8180.68,0.861,0.716,2.359
East,18,409.3,3931.26,885.44,2507.86,0.444,0.701,4.608
East,22,237.6,3180.15,664.93,3259.21,0.7,0.864,4.092
South,18,157.6,1896.29,637.12,7287.19,0.657,0.797,3.039
Central,15,290.5,2605.98,794.73,3842.37,0.416,0.752,3.27
West,23,369.4,3919.86,1288.79,3259.68,0.608,0.671,3.62
North,17,120.3,1523.04,484.14,8943.62,0.65,0.694,3.491
North,12,233.0,3008.6,977.82,9147.55,0.847,0.728,3.87
Central,16,236.1,2329.41,597.83,8079.94,0.587,0.702,3.902
South,16,463.5,4104.58,850.82,8662.77,0.309,0.724,4.828
East,15,156.0,2259.19,524.81,4782.08,0.606,0.556,3.513
West,20,102.7,1785.13,404.85,4853.59,0.862,0.884,2.807
Central,21,250.0,2622.66,773.01,3803.04,0.667,0.679,3.953
South,9,305.9,3565.59,656.45,5956.58,0.483,0.433,4.249
South,20,220.6,2518.0,510.47,4062.91,0.922,0.702,3.784
Central,14,482.9,4403.69,1273.82,4280.45,0.364,0.459,5.451
North,14,155.7,2044.31,408.35,7554.85,0.489,0.568,2.596
North,22,224.2,3099.44,581.85,10420.15,0.569,0.96,3.086
South,18,63.2,1718.7,339.4,6761.79,0.789,0.675,3.034
West,20,98.4,1686.74,490.01,14572.24,0.86,0.616,2.709
North,18,120.9,1913.09,387.0,3684.78,0.293,0.707,3.383
West,21,174.2,2438.37,495.99,1976.56,0.828,0.671,3.828
West,13,72.1,1672.85,362.75,8046.93,0.776,0.712,3.105
Central,20,288.0,2956.13,887.27,3552.8,0.903,0.659,4.507
South,16,113.1,2437.19,516.82,4672.59,0.907,0.702,2.804
North,14,675.8,5634.89,1046.17,2052.09,0.818,0.563,5.867
North,16,116.1,1891.22,614.53,3312.42,0.389,0.888,3.168
North,14,209.2,2163.39,692.74,2377.43,0.479,0.695,2.834
South,22,192.1,2305.51,483.17,4277.54,0.934,0.743,4.129
Central,27,92.0,1893.75,421.27,4372.09,0.687,0.794,3.206
Central,12,174.6,1891.49,397.53,5707.17,0.643,0.586,3.166
North,21,173.1,2378.59,701.98,10741.26,0.918,0.682,3.809
North,19,344.6,3378.82,743.35,7881.7,0.888,0.654,4.745
South,19,256.0,3210.23,1056.27,2225.66,0.781,0.852,3.736
South,20,285.3,3044.84,951.28,7588.65,0.894,0.686,4.576
South,16,339.9,3255.06,892.35,5775.99,0.333,0.51,4.354
East,22,288.2,3251.1,589.85,5147.13,0.803,0.662,4.414
South,22,231.7,3232.38,1038.85,5364.27,0.955,0.829,3.701
North,11,120.1,1792.63,531.41,6078.44,0.286,0.597,3.039
North,19,222.2,2743.7,839.75,3712.51,0.413,0.707,2.808
North,15,103.9,1366.98,261.77,4913.33,0.83,0.761,3.149
West,21,183.8,2251.21,660.44,10416.71,0.63,0.68,3.491
West,24,167.8,2212.52,683.08,3688.05,0.313,0.831,2.619
East,10,175.2,2457.69,818.56,3082.7,0.446,0.552,3.519
North,12,72.7,1578.0,430.6,5250.41,0.487,0.676,2.518
West,18,12.0,979.41,255.91,2916.64,0.484,0.674,1.891
South,14,147.1,1883.13,467.14,2105.84,0.891,0.636,3.514
East,19,389.8,3747.41,1095.01,4494.2,0.733,0.783,4.432
North,19,207.2,2415.51,790.67,12049.06,0.786,,3.939
East,15,372.5,3830.69,1057.12,5317.55,0.26,0.654,3.607
Central,14,104.4,1653.48,357.76,5992.22,0.562,0.617,2.845
South,19,142.0,2777.27,507.72,1683.14,0.482,0.845,2.914
East,12,700.0,6296.1,1756.98,6911.69,0.872,0.677,6.479
West,21,109.3,2401.33,764.43,5717.87,0.946,0.711,3.273
Central,19,281.8,3388.75,645.75,3767.99,0.559,0.665,3.871
North,6,281.5,2586.41,630.08,5997.08,0.96,0.637,4.375
Central,15,262.1,3074.84,1015.95,5964.42,0.26,0.677,3.603
South,18,284.0,3081.39,801.99,3032.92,0.488,0.692,3.857
West,20,108.1,2444.69,526.35,6519.28,0.816,0.739,3.093
West,15,152.1,2228.42,527.21,10492.59,0.513,0.695,2.716
East,16,16.6,1251.22,306.93,4791.66,0.922,0.675,2.673
South,9,473.0,4233.13,841.4,3370.52,0.409,0.689,4.647
West,15,283.0,3544.58,1012.78,4926.24,0.831,0.768,3.866
East,21,121.0,1717.62,471.91,8690.95,0.397,0.785,3.291
Central,18,105.3,2406.95,682.7,2767.02,0.394,0.815,2.7
South,12,394.0,3690.39,1024.92,7466.69,0.575,0.631,4.452
South,16,114.8,1490.84,272.33,3740.94,0.94,0.735,2.601
West,19,120.7,1830.45,380.58,6205.15,0.677,0.798,3.156
East,28,89.0,1692.45,349.48,3982.31,0.714,0.912,2.945
North,16,317.0,3523.52,689.46,3976.43,0.257,0.753,3.472
Central,27,369.1,3842.86,1143.93,12552.84,0.291,0.868,4.751
North,28,168.6,2774.8,552.8,2502.39,0.299,0.987,3.36
South,19,370.6,4157.83,1192.93,7093.62,0.848,0.674,4.915
North,18,248.1,2732.02,569.74,14076.03,0.423,0.693,3.732
West,17,84.8,1631.46,324.55,7919.13,0.49,0.675,2.458
East,24,452.2,4253.07,876.15,2612.07,0.695,0.751,5.126
South,26,88.2,1964.63,513.45,2684.18,0.676,0.646,3.172
South,20,177.0,3205.46,908.03,3592.51,0.55,0.84,3.561
Central,22,168.9,2719.83,842.9,5924.49,0.253,0.673,3.003
Central,23,148.8,2321.26,465.58,6150.38,0.578,0.781,3.823
Central,13,37.0,1038.84,289.41,2698.81,0.789,0.529,2.504
West,15,614.1,5429.54,1649.57,3360.96,0.422,0.717,5.019
South,10,42.0,1168.86,268.82,3476.16,0.767,0.542,1.894
Central,20,469.5,4473.09,862.21,4917.67,0.261,0.639,4.19
North,14,102.6,1869.2,383.09,16180.83,0.913,0.671,2.996
West,14,129.4,1646.61,320.51,3251.09,0.944,0.599,3.03
East,13,441.7,3855.64,1241.34,3173.76,0.252,0.597,4.803
South,20,265.4,3224.74,774.82,2912.52,0.584,0.744,3.721
South,19,65.1,1313.4,346.39,7704.42,0.552,0.781,2.733
Central,26,63.9,2102.53,637.05,5309.55,0.865,0.74,3.036
South,20,240.9,2940.26,704.02,3317.86,0.645,0.651,3.67
North,24,87.0,1476.88,419.22,4449.12,0.696,0.782,2.776
North,23,273.5,3323.59,639.02,3514.56,0.398,0.811,4.249
North,16,291.5,2684.65,689.81,6391.6,0.306,0.797,3.143
West,12,111.0,1899.63,371.27,23775.41,0.755,0.544,2.938
East,13,134.5,1842.77,404.9,7353.82,0.703,0.617,3.148
Central,20,246.0,3499.42,794.14,5160.85,0.858,0.824,4.198
North,13,107.4,2017.2,594.7,3767.86,0.867,0.8,3.054
North,18,207.4,2329.94,670.69,2594.45,0.711,0.626,3.625
Central,11,700.0,5342.19,1600.16,8131.73,0.643,0.558,6.138
West,20,253.6,,536.37,7892.32,0.917,0.76,4.326
South,18,150.3,1874.12,635.38,4203.38,0.835,0.659,3.237
South,25,652.0,6605.72,,10586.49,0.894,0.732,7.039
East,17,331.3,3478.75,1085.79,5495.08,0.977,0.712,4.745
West,22,88.7,2186.1,652.43,8317.51,0.545,0.879,2.627
East,20,102.2,1866.25,512.62,6392.68,0.773,0.625,3.178
North,9,46.8,1078.39,269.83,4927.44,0.752,0.712,2.703
South,12,243.1,2647.11,797.15,3212.53,0.377,0.584,3.104
West,19,30.7,1702.91,508.11,5013.83,0.715,0.745,2.469
South,15,651.5,5798.28,1170.95,8631.11,0.563,0.795,5.844
South,22,163.2,2165.32,664.37,4107.32,0.579,0.781,3.23
West,19,344.2,4104.79,790.46,6917.83,0.382,0.694,4.095
West,23,153.1,2344.0,609.65,2994.39,0.794,0.825,3.361
West,20,240.3,2812.74,796.6,8341.78,0.759,0.716,3.713
North,16,178.7,1552.48,483.55,6451.82,0.639,0.722,3.777
West,14,203.4,2624.0,666.75,2804.1,0.364,0.639,3.172
Central,27,412.2,4471.95,974.43,4802.02,0.657,0.886,5.658
North,14,537.1,4877.35,1260.82,9066.06,0.323,0.543,5.186
East,16,511.9,4630.59,1018.88,2717.68,0.498,0.599,5.598
Central,29,700.0,6430.94,1701.6,3013.86,0.522,0.73,6.233
West,19,116.4,1906.85,484.34,5227.96,0.895,0.713,3.511
East,19,255.7,3142.97,958.23,17559.18,0.553,0.595,3.704
Central,17,118.5,2127.92,464.77,3752.14,0.687,0.637,3.171
South,11,401.7,3695.76,783.49,7132.38,0.889,0.529,4.588
North,13,92.2,1873.27,479.31,6267.13,0.561,0.761,2.852
North,23,416.6,4301.6,809.05,3927.52,0.895,0.688,5.04
West,26,225.6,,632.97,5935.01,0.35,0.702,3.105
South,19,185.8,2565.14,606.89,4245.82,0.516,0.737,3.095
Central,17,200.6,2159.81,557.28,4461.35,0.319,0.827,3.556
Central,25,79.6,2038.06,454.71,2178.3,0.659,0.783,3.031
West,26,85.1,1619.07,436.67,5359.15,0.949,0.802,2.606
East,19,228.3,2527.71,810.25,8906.19,0.73,0.821,4.165
North,20,227.2,2280.87,608.98,5605.95,0.707,0.8,3.409
Central,18,122.5,1967.09,444.35,9894.94,0.453,0.739,3.043
West,26,162.0,3055.06,580.21,7473.96,0.93,0.758,3.713
Central,12,269.9,2816.19,568.49,5256.67,0.594,0.666,3.89
Central,17,106.9,2046.24,552.07,3845.43,0.445,0.584,3.352
West,14,41.8,1941.65,561.9,4157.03,0.971,0.605,2.424
West,14,483.5,4576.11,860.07,2419.27,0.559,0.77,4.992
Central,10,238.9,2336.14,489.86,4689.62,0.521,0.709,3.778
West,26,139.2,2264.77,523.28,5885.81,0.276,0.84,2.53
South,17,118.2,1947.21,450.12,13953.44,0.38,0.538,2.449
Central,16,106.2,1645.07,548.38,7263.2,0.841,0.583,2.969
South,10,400.7,3559.07,756.67,3375.61,0.602,0.551,4.477
North,17,68.9,1867.7,354.87,2461.06,0.947,0.679,2.581
North,14,255.3,3107.52,734.87,4848.36,0.311,0.555,3.707
West,21,255.2,2624.04,528.77,8488.52,0.7,0.723,3.257
Central,21,320.7,3327.68,666.38,4811.0,0.776,0.884,4.664
North,15,149.1,1963.38,481.41,7317.99,0.703,0.7,3.364
West,19,458.3,4639.82,1062.62,4916.64,0.637,0.735,5.454
North,15,326.7,3692.3,718.8,8057.43,0.672,0.586,4.499
Central,27,145.5,3279.83,907.49,2256.36,0.753,0.686,3.384
West,19,114.1,1862.86,484.85,13125.34,0.88,0.619,2.811
Central,17,179.1,2268.82,436.37,2945.8,0.496,0.558,3.287
East,16,142.0,2244.91,713.97,8404.75,0.586,0.686,3.192
Central,21,100.2,1778.77,401.21,4676.47,0.714,0.773,3.33
Central,27,206.7,2924.94,976.41,5096.43,0.479,0.74,3.213
Central,17,162.8,2151.6,707.97,4757.1,0.381,0.704,3.607
Central,19,526.1,4225.95,1054.19,6251.54,0.955,0.835,5.955
West,15,141.8,2075.42,449.47,6985.83,0.392,0.824,2.582
East,19,113.3,1936.56,607.26,9721.54,0.42,0.779,3.474
South,22,197.7,3065.64,729.03,11782.51,0.702,0.741,3.253
South,15,234.0,2706.09,557.91,6519.17,0.306,0.727,3.255
Central,15,245.9,2439.36,654.37,13940.04,0.275,0.776,2.857
Central,19,244.4,2859.07,738.51,5716.63,0.297,0.557,4.05
East,15,202.3,1891.25,597.64,9824.08,0.34,0.786,2.69
South,23,192.4,2370.53,703.3,6876.02,0.563,0.724,2.859
South,18,292.5,3418.1,1094.42,4015.58,0.855,0.662,3.922
North,19,93.3,1774.24,527.93,6000.98,0.5,0.689,3.206
North,24,113.9,2440.37,690.01,7163.43,0.562,0.806,3.356
North,14,54.7,825.25,214.59,5336.32,0.688,0.566,2.666
West,17,94.5,1708.3,577.42,6816.29,0.471,0.67,2.855
West,14,376.4,3559.21,1186.88,8742.48,0.566,0.697,4.146
East,16,284.6,3375.06,1065.9,5362.28,0.532,0.697,4.126
North,14,569.2,5268.75,1601.97,1075.85,0.5,0.685,6.008
Central,19,487.8,4864.14,1325.04,13671.23,0.534,0.692,4.988
South,20,286.2,3702.28,820.28,4611.57,0.258,0.785,3.325
West,18,217.8,2598.9,831.83,3453.68,0.897,0.79,3.76
West,15,200.3,2836.17,515.42,2927.02,0.963,0.747,3.794
West,18,28.8,1048.88,226.97,4514.07,0.88,0.739,2.528
Central,17,185.5,,520.67,3985.78,0.254,0.768,3.264
West,16,129.3,2199.88,602.29,3621.5,0.798,0.75,2.936
South,20,97.8,1492.98,402.72,3732.49,0.668,0.944,2.756
Central,20,257.3,3223.29,670.87,7268.89,0.319,0.827,3.619
Central,25,170.3,2654.61,522.34,16592.4,0.931,0.785,3.744
West,20,208.7,3012.99,649.52,8529.74,0.817,0.657,4.121
West,17,86.8,1704.35,401.88,10071.14,0.356,0.672,2.503
West,15,335.6,3452.13,629.15,4413.51,0.954,0.641,4.249
West,15,141.3,2179.95,633.91,5753.51,0.342,0.708,2.817
West,17,248.5,2699.73,592.96,6867.57,0.582,0.636,3.854
South,20,150.0,2092.6,494.32,3779.11,0.366,0.825,3.055
Central,14,23.5,1284.26,299.98,4297.76,0.36,0.544,2.372
South,23,264.1,3217.64,842.68,8690.65,0.956,0.637,3.67
South,17,178.2,2264.86,719.25,9893.77,0.668,0.682,2.44
West,15,51.3,1366.54,278.64,5636.82,0.439,0.6,2.643
East,16,78.4,2069.27,485.28,2814.85,0.817,0.579,3.239
South,15,341.8,3357.25,976.04,4616.65,0.889,0.617,4.365
Central,21,53.7,1502.26,281.04,2458.4,0.92,0.682,3.122
Central,27,138.6,1995.99,624.34,5661.03,0.931,0.818,4.074
North,14,599.7,5287.98,1765.62,6250.84,0.911,0.605,6.492
West,25,268.6,3517.71,975.19,4680.26,0.716,0.749,4.235
West,24,312.4,3845.54,1280.72,6203.95,0.5,0.78,3.677
North,26,160.1,2621.19,645.05,6831.47,0.926,0.886,3.401
Central,20,47.3,1818.27,448.03,6255.86,0.339,0.848,1.53
North,27,222.3,3281.38,646.43,2805.0,0.373,0.829,3.767
East,13,83.0,1853.52,344.15,4725.39,0.567,0.661,3.153
South,17,76.6,1922.86,421.34,6805.0,0.457,0.678,2.868
West,17,205.5,3015.07,773.37,12942.76,0.699,0.731,3.619
North,20,87.9,1795.02,468.91,4677.13,0.911,0.761,3.07
East,22,189.8,2280.88,489.96,7353.72,0.608,0.861,3.343
East,21,116.8,2274.77,632.5,8804.19,0.654,0.591,2.992
North,16,185.3,2610.74,545.63,4874.9,0.559,0.661,3.291
West,26,132.1,2829.01,656.88,10215.12,0.767,0.832,2.876
East,21,188.9,2966.51,626.86,10521.71,0.324,0.74,3.903
West,18,463.1,5013.34,1461.22,11605.24,0.285,0.63,4.182
Central,15,316.9,3475.48,912.84,6989.31,0.718,0.564,4.132
West,17,174.7,2417.69,719.93,19892.05,0.64,0.757,2.511
West,26,418.1,4060.77,768.13,3872.26,0.547,0.744,4.721
South,18,250.8,3026.38,750.72,17470.04,0.494,0.565,3.582
South,17,400.4,3824.05,1279.96,8288.01,0.288,0.761,4.048
South,12,59.1,1391.04,262.32,11352.72,0.747,0.667,2.229
North,17,88.7,1749.68,432.07,4554.99,0.558,0.683,2.776
Central,16,220.6,2778.22,518.04,8642.62,0.575,0.607,3.332
South,17,171.7,2304.76,468.94,11906.45,0.902,0.683,3.373
South,20,189.2,2833.78,719.79,2986.78,0.788,0.827,4.079
North,20,277.8,2447.49,502.23,4965.01,0.41,0.601,3.832
West,21,222.1,2899.99,762.7,1672.9,0.73,0.617,3.79
South,14,336.4,3740.67,1225.58,4924.2,0.347,0.605,3.723
West,21,330.6,4151.87,880.47,3467.52,0.392,0.74,3.692
South,20,92.0,2077.64,409.61,4818.55,0.771,0.69,2.906
West,24,24.5,2010.01,627.21,27119.38,0.342,0.831,2.94
Central,14,87.4,1658.28,420.61,13971.74,0.455,0.742,2.432
South,25,82.9,1997.42,641.61,2460.95,0.906,0.815,3.141
Central,15,199.0,2600.93,595.56,7373.56,0.789,0.712,3.251
South,23,197.3,2743.34,769.25,8428.82,0.929,0.789,2.799
West,21,164.5,2213.41,725.4,4510.47,0.894,0.743,3.112
East,22,257.2,2993.48,621.06,5991.33,0.478,0.652,4.653
South,14,700.0,5710.6,1759.53,6322.0,0.712,0.573,6.474
East,11,162.0,2182.23,613.3,2589.87,0.526,0.509,3.746
North,14,226.8,2617.79,811.7,3080.26,0.759,0.643,3.601
South,23,189.1,2584.88,535.87,5971.56,0.504,0.786,2.491
Central,17,123.6,1826.9,455.73,5736.88,0.251,0.577,2.302
South,13,279.4,3097.39,621.38,3678.61,0.319,0.648,3.589
North,20,156.4,2554.51,852.22,3509.02,0.813,0.66,3.564
East,23,104.6,1760.26,334.5,5169.97,0.311,0.682,2.843
